Core no. ,Sample,Shifted Depth,Depth,"Kg, hor.","1/Pm, hor.","Kl, hor","Kg, vert.","1/Pm, vert.","Kl, vert.","Por., hor.","Por., vert.",Por. sum.,So,Sw,Gr.dens.,Gr.dens.,Lithological description
1,1,3838.6,3837,13.8,0.662,11.5,  ,  ,  ,17,  ,  ,  ,  ,2.66,  ,"Sst.lt-Brn.M-gr.Ang.W-cmt.Fr-srt.mtrx.frac.w/Mic,Pyr,Calc,C,"
1,2,3838.85,3837.25,NMP ,  ,NMP ,  ,  ,  ,14.8,  ,  ,  ,  ,2.67,  ,"A.A.fis.Cl/Mic-lam.w/o frac.w/Dol,Sid,Cl. "
1,3,3839.15,3837.55,25.2,0.746,21.4,3.94,0.495,3.16,10.8,  ,  ,  ,  ,2.69,  ,A.A.VW-cmt.w/o fis.Cl/Mic-lam.incr Dol. 
1,4,3839.4,3837.8,1.02,0.495,0.694,  ,  ,  ,12.8,  ,  ,  ,  ,2.7,  ,A.A.F/M-gr.frac.Slty.incr Pyr. 
1,5,3839.48,3837.88,  ,  ,  ,  ,  ,  ,  ,18.8,  ,52.9,36.4,  ,2.68, 
1,6,3839.6,3838,524,0.976,491,  ,  ,  ,16.4,  ,  ,  ,  ,2.69,  ,"A.A.Sb-ang.Fr-cmt.P-srt.fis.w/o frac,Slty.decr Dol "
1,7,3839.85,3838.25,274,0.968,253,  ,  ,  ,16.5,  ,  ,  ,  ,2.66,  ,A.A.W-cmt.Fr-srt.w/o fis.decr Pyr. 
1,8,3840.1,3838.5,1130,0.992,1080,1100,0.989,1040,17.2,  ,  ,  ,  ,2.66,  ,A.A.M-gr. 
1,9,3840.35,3838.75,442,0.978,412,  ,  ,  ,16.9,  ,  ,  ,  ,2.66,  ,A.A.F/M-gr. 
1,10,3840.52,3838.92,  ,  ,  ,  ,  ,  ,  ,19.5,  ,72.5,11,  ,2.68, 
1,11,3840.6,3839,19.3,0.693,16.3,  ,  ,  ,20.1,  ,  ,  ,  ,2.66,  ,A.A.styl. 
1,12,3840.8,3839.2,0.298,0.495,0.189,  ,  ,  ,10.3,  ,  ,  ,  ,2.93,  ,A.A.Pyr-sst.C-lam.w/o styl. 
1,13,3841,3839.4,6.54,0.54,5.36,1200,0.99,1140,12.7,  ,  ,  ,  ,3.03,  ,A.A.w/o C-lam. 
1,14,3841.35,3839.75,593,0.984,557,  ,  ,  ,19,  ,  ,  ,  ,2.66,  ,A.A.Sst.M-gr. 
1,15,3841.52,3839.92,  ,  ,  ,  ,  ,  ,  ,8.6,  ,23.9,52.4,  ,2.74, 
1,16,3841.6,3840,0.151,0.495,0.092,  ,  ,  ,9.9,  ,  ,  ,  ,2.91,  ,"Sst.Gry.F-gr.Sb-ang.VW-cmt.W-srt.Mtrx.w/Pyr.ltl-Cl,Mic. "
1,17,3841.8,3840.2,260,0.969,238,  ,  ,  ,20.6,  ,  ,  ,  ,2.63,  ,A.A.lt-Brn.F/M-gr.styl. 
1,18,3842.05,3840.45,168,0.936,152,17.6,0.693,14.8,21,  ,  ,  ,  ,2.66,  ,A.A. 
1,19,3842.35,3840.75,317,0.971,293,  ,  ,  ,22.7,  ,  ,  ,  ,2.64,  ,A.A. 
1,20,3842.54,3840.94,  ,  ,  ,  ,  ,  ,  ,24.4,  ,61.6,21.7,  ,2.64, 
1,21,3842.6,3841,44.8,0.808,38.9,  ,  ,  ,21.9,  ,  ,  ,  ,2.69,  ,"A.A.Crs-gr.VP-srt.incr Pyr,C. "
1,22,3842.8,3841.2,207,0.969,189,  ,  ,  ,20,  ,  ,  ,  ,2.63,  ,A.A.M-gr.Fr-srt.decr Pyr. 
1,23,3843.05,3841.45,65,0.88,57,19.4,0.693,16.4,22.1,  ,  ,  ,  ,2.62,  ,A.A.F/M-gr.decr C. 
1,24,3843.35,3841.75,50.4,0.855,43.7,  ,  ,  ,17.7,  ,  ,  ,  ,2.63,  ,A.A.slty.Styl. 
1,25,3843.53,3841.93,  ,  ,  ,  ,  ,  ,  ,13.9,  ,31.7,43.4,  ,2.63, 
1,26,3843.6,3842,0.994,0.495,0.675,  ,  ,  ,11.6,  ,  ,  ,  ,2.67,  ,A.A.incr Pyr. 
1,27,3843.85,3842.25,14.5,0.662,12.1,  ,  ,  ,19.6,  ,  ,  ,  ,2.63,  ,A.A.decr Pyr. 
1,28,3844.1,3842.5,171,0.936,156,18.3,0.693,15.5,24.4,  ,  ,  ,  ,2.67,  ,"A.A.w/o slty,Styl.incr Dol. "
1,29,3844.35,3842.75,136,0.936,122,  ,  ,  ,25.8,  ,  ,  ,  ,2.62,  ,A.A.F-gr.decr Dol. 
1,30,3844.51,3842.91,  ,  ,  ,  ,  ,  ,  ,26.1,  ,62.2,23.9,  ,2.63, 
1,31,3844.6,3843,131,0.936,118,  ,  ,  ,26.4,  ,  ,  ,  ,2.64,  ,A.A.Gry.W-srt 
1,32,3844.8,3843.2,125,0.936,112,  ,  ,  ,24.9,  ,  ,  ,  ,2.62,  ,A.A. 
1,33,3845.05,3843.45,121,0.936,108,111,0.936,98.9,25.1,  ,  ,  ,  ,2.63,  ,A.A. 
1,34,3845.35,3843.75,86.5,0.907,76.6,  ,  ,  ,25,  ,  ,  ,  ,2.62,  ,A.A. 
1,35,3845.54,3843.94,  ,  ,  ,  ,  ,  ,  ,24.2,  ,59.8,23.3,  ,2.63, 
1,36,3845.6,3844,74.6,0.88,65.8,  ,  ,  ,24.3,  ,  ,  ,  ,2.63,  ,A.A. 
1,37,3845.85,3844.25,70.1,0.88,61.6,  ,  ,  ,23.5,  ,  ,  ,  ,2.62,  ,A.A. 
1,38,3846.1,3844.5,102,0.936,90.5,92.8,0.907,82.4,36,  ,  ,  ,  ,2.63,  ,A.A. 
1,39,3846.35,3844.75,94.1,0.907,83.6,  ,  ,  ,24,  ,  ,  ,  ,2.63,  ,A.A. 
1,40,3846.53,3844.93,  ,  ,  ,  ,  ,  ,  ,25,  ,78.4,9.7,  ,2.63, 
1,41,3846.6,3845,138,0.936,124,  ,  ,  ,25,  ,  ,  ,  ,2.63,  ,A.A. 
1,42,3846.85,3845.25,175,0.971,159,  ,  ,  ,24.9,  ,  ,  ,  ,2.63,  ,A.A. 
1,43,3847.1,3845.5,133,0.936,120,61.9,0.855,54.3,23.6,  ,  ,  ,  ,2.63,  ,A.A. 
1,44,3847.35,3845.75,123,0.936,110,56.6,0.855,49.4,22.6,  ,  ,  ,  ,2.63,  ,A.A. 
1,45,3847.51,3845.91,  ,  ,  ,  ,  ,  ,  ,19.8,  ,67.4,18.1,  ,2.66, 
1,46,3847.6,3846,30.4,0.766,26,  ,  ,  ,18.3,  ,  ,  ,  ,2.67,  ,"A.A.Fr-srt.incr Calc,Dol. "
1,47,3847.85,3846.25,1.06,0.495,0.725,  ,  ,  ,8.7,  ,  ,  ,  ,2.71,  ,A.A.Calc-sst.VW-cmt. 
1,48,3848.1,3846.5,17.8,0.746,14.8,5.7,0.495,4.7,15,  ,  ,  ,  ,2.68,  ,A.A.Sst. 
1,49,3848.35,3846.75,15.9,0.746,13.1,  ,  ,  ,16.9,  ,  ,  ,  ,2.72,  ,A.A.lt-Brn.incr Pyr.decr Dol. 
1,50,3848.53,3846.93,  ,  ,  ,  ,  ,  ,  ,23.5,  ,67.2,18.3,  ,2.64, 
1,51,3848.6,3847,140,0.936,126,  ,  ,  ,24,  ,  ,  ,  ,2.63,  ,A.A.W-cmt.decr Pyr. 
1,52,3848.85,3847.25,142,0.936,128,  ,  ,  ,24.4,  ,  ,  ,  ,2.62,  ,A.A. 
1,53,3849.1,3847.5,111,0.936,99.3,95.3,0.907,84.7,24.1,  ,  ,  ,  ,2.62,  ,A.A. 
1,54,3849.35,3847.75,157,0.936,142,  ,  ,  ,24.9,  ,  ,  ,  ,2.62,  ,A.A. 
1,55,3849.5,3847.9,  ,  ,  ,  ,  ,  ,  ,25,  ,68.1,15.3,  ,2.64, 
1,56,3849.6,3848,138,0.936,124,  ,  ,  ,24.6,  ,  ,  ,  ,2.64,  ,A.A.F/M-gr. 
1,57,3849.85,3848.25,57.2,0.855,50,  ,  ,  ,22.5,  ,  ,  ,  ,2.62,  ,A.A.W-srt. 
1,58,3850.1,3848.5,38,0.855,32.5,50.9,0.83,44.4,22,  ,  ,  ,  ,2.62,  ,A.A. 
1,59,3850.35,3848.75,61,0.88,53.3,  ,  ,  ,29.3,  ,  ,  ,  ,2.62,  ,A.A. 
1,60,3850.5,3848.9,  ,  ,  ,  ,  ,  ,  ,23.8,  ,58.5,22.4,  ,2.64, 
1,61,3850.6,3849,53.8,0.83,47.1,  ,  ,  ,23.8,  ,  ,  ,  ,2.64,  ,A.A. 
1,62,3850.8,3849.2,57.4,0.855,50.2,  ,  ,  ,23.2,  ,  ,  ,  ,2.64,  ,A.A. 
1,63,3851,3849.4,53.7,0.855,46.7,37.8,0.786,32.7,23.1,  ,  ,  ,  ,2.63,  ,A.A. 
1,64,3851.35,3849.75,44.8,0.855,38.6,  ,  ,  ,23.6,  ,  ,  ,  ,2.63,  ,A.A. 
1,65,3851.51,3849.91,  ,  ,  ,  ,  ,  ,  ,23.2,  ,57.2,26.6,  ,2.64, 
1,66,3851.6,3850,41.2,0.808,35.7,  ,  ,  ,23.9,  ,  ,  ,  ,2.66,  ,A.A.incr Pyr. 
1,67,3851.85,3850.25,104,0.907,93.2,  ,  ,  ,22.5,  ,  ,  ,  ,2.64,  ,A.A.decr Pyr. 
1,68,3852.1,3850.5,119,0.936,106,107,0.907,95.4,22,  ,  ,  ,  ,2.65,  ,A.A. 
1,69,3852.35,3850.75,127,0.936,114,  ,  ,  ,21.9,  ,  ,  ,  ,2.65,  ,A.A. 
1,70,3852.51,3850.91,  ,  ,  ,  ,  ,  ,  ,23.5,  ,62.4,20.9,  ,2.65, 
1,71,3852.6,3851,229,0.967,209,  ,  ,  ,25.1,  ,  ,  ,  ,2.65,  ,A.A. 
1,72,3853.05,3851.45,21.6,0.746,18.2,2.07,0.495,1.56,17.6,  ,  ,  ,  ,2.62,  ,A.A.Styl. 
1,73,3853.35,3851.75,NMP ,  ,NMP ,  ,  ,  ,14.7,  ,  ,  ,  ,2.66,  ,A.A.slty.fis.incr Pyr. 
1,74,3853.5,3851.9,  ,  ,  ,  ,  ,  ,  ,20.9,  ,53.1,29.8,  ,2.66, 
1,75,3853.6,3852,3.99,0.495,3.2,  ,  ,  ,16.1,  ,  ,  ,  ,2.68,  ,A.A.w/o fis. 
1,76,3853.8,3852.2,1.3,0.495,0.9,  ,  ,  ,9.2,  ,  ,  ,  ,2.71,  ,"A.A.w/o slty.incr Calc,Dol.decr Pyr. "
2,77,3854.2,3854,0.036,0.495,0.02,  ,  ,  ,4,  ,  ,  ,  ,2.74,  ,"Sst.Gry.F/M-gr.Sb-ang.VW-cmt.W-srt.mtrx.fis.w/Mic,Pyr,Calc,C"
2,78,3854.4,3854.2,0.026,0.495,0.014,  ,  ,  ,3.8,  ,  ,  ,  ,2.74,  ,"A.A.w/o fis.w/Dol,Sid,Cl. "
2,79,3854.6,3854.4,0.023,0.495,0.012,0.073,0.495,0.043,3.3,  ,  ,  ,  ,2.74,  ,A.A. 
2,80,3855,3854.8,NMP ,  ,NMP ,  ,  ,  ,7.3,  ,  ,  ,  ,2.78,  ,A.A.lt-Brn.W-cmt.Fr-srt.Styl.incr Pyr. 
2,81,3855.1,3854.9,  ,  ,  ,  ,  ,  ,  ,11.4,  ,33.8,45.8,  ,2.71, 
2,82,3855.2,3855,21.2,0.71,18,  ,  ,  ,19.7,  ,  ,  ,  ,2.69,  ,"A.A.w/o Styl.decr Pyr,Sid. "
2,83,3855.45,3855.25,29.9,0.786,25.5,  ,  ,  ,21.1,  ,  ,  ,  ,2.65,  ,A.A.Brn.W-srt.decr Dol. 
2,84,3855.7,3855.5,0.244,0.495,0.152,0.088,0.495,0.051,8.6,  ,  ,  ,  ,2.73,  ,"A.A.incr Pyr,Dol. "
2,85,3855.95,3855.75,0.022,0.495,0.012,  ,  ,  ,3.2,  ,  ,  ,  ,2.74,  ,A.A.lt-Brn.incr Calc. 
2,86,3856.06,3855.86,  ,  ,  ,  ,  ,  ,  ,2.7,  ,20.7,62.4,  ,2.76, 
2,87,3856.2,3856,0.018,0.495,0.01,  ,  ,  ,3.3,  ,  ,  ,  ,2.76,  ,A.A.incr Dol. 
2,88,3856.4,3856.2,0.584,0.495,0.384,  ,  ,  ,8.5,  ,  ,  ,  ,2.71,  ,A.A. 
2,89,3856.6,3856.4,20.3,0.746,17,20.4,0.71,17.3,18.3,  ,  ,  ,  ,2.66,  ,"A.A.P-srt.decr Pyr,Dol. "
2,90,3856.95,3856.75,38.6,0.855,33,  ,  ,  ,21,  ,  ,  ,  ,2.64,  ,A.A.Denne pluggen må du Geir ta en titt på!!!! 
2,91,3857.13,3856.93,  ,  ,  ,  ,  ,  ,  ,19.1,  ,48.5,30.1,  ,2.63, 
2,92,3857.2,3857,15,0.662,12.6,  ,  ,  ,18.2,  ,  ,  ,  ,2.65,  ,A.A.Cl-lam. 
2,93,3857.45,3857.25,214,0.968,195,  ,  ,  ,23.4,  ,  ,  ,  ,2.64,  ,A.A.Styl.w/o Cl-lam. 
2,94,3857.7,3857.5,250,0.967,229,99.3,0.907,88.5,29.1,  ,  ,  ,  ,2.63,  ,A.A.Fr-srt. 
2,95,3857.95,3857.75,80.1,0.907,70.6,  ,  ,  ,22.1,  ,  ,  ,  ,2.64,  ,A.A. 
2,96,3858.1,3857.9,  ,  ,  ,  ,  ,  ,  ,22.9,  ,66.4,17,  ,2.65, 
2,97,3858.2,3858,104,0.907,92.5,  ,  ,  ,21,  ,  ,  ,  ,2.65,  ,A.A. 
2,98,3858.4,3858.2,5.92,0.495,4.89,  ,  ,  ,15.8,  ,  ,  ,  ,2.66,  ,A.A. 
2,99,3858.6,3858.4,21,0.746,17.7,48.1,0.83,41.8,18.7,  ,  ,  ,  ,2.71,  ,"A.A.incr Pyr,Calc. "
2,100,3858.95,3858.75,36,0.808,30.9,  ,  ,  ,14.7,  ,  ,  ,  ,2.69,  ,A.A.F/M-gr.incr Dol.decr Pyr. 
2,101,3859.11,3858.91,  ,  ,  ,  ,  ,  ,  ,18.9,  ,67.7,22.3,  ,2.66, 
2,102,3859.2,3859,95.9,0.907,85.3,  ,  ,  ,20.3,  ,  ,  ,  ,2.66,  ,A.A.decr Dol. 
2,103,3859.45,3859.25,40.7,0.83,35.1,  ,  ,  ,19.1,  ,  ,  ,  ,2.66,  ,"A.A.fis.incr Pyr,C. "
2,104,3859.7,3859.5,NMP ,  ,NMP ,26.8,0.746,22.9,18.1,  ,  ,  ,  ,2.65,  ,"A.A.F-gr.Styl.decr Pyr,C. "
2,105,3859.95,3859.75,20.6,0.746,17.3,  ,  ,  ,19.9,  ,  ,  ,  ,2.63,  ,A.A.w/o fis.decr Calc. 
2,106,3860.09,3859.89,  ,  ,  ,  ,  ,  ,  ,22.2,  ,68,16.6,  ,2.65, 
2,107,3860.2,3860,20800,0.999,20500,  ,  ,  ,23.6,  ,  ,  ,  ,2.64,  ,A.A.Crs-gr.Sb-rndd.Fr-cmt.w/o Styl. 
2,108,3860.35,3860.15,20400,0.999,20100,  ,  ,  ,22.9,  ,  ,  ,  ,2.64,  ,A.A. 
2,109,3861.5,3861.3,2480,0.996,2390,  ,  ,  ,23.5,  ,  ,  ,  ,2.64,  ,A.A.M-gr. 
2,110,3861.9,3861.7,5230,0.998,5090,  ,  ,  ,33.8,  ,  ,  ,  ,2.64,  ,A.A.M/Crs-gr. 
2,111,3862.1,3861.9,  ,  ,  ,  ,  ,  ,  ,23.3,  ,77,8.5,  ,2.63, 
2,112,3862.2,3862,3780,0.996,3660,  ,  ,  ,25,  ,  ,  ,  ,2.65,  ,A.A.M-gr.incr Pyr. 
2,113,3862.4,3862.2,6260,0.998,6100,  ,  ,  ,24.4,  ,  ,  ,  ,2.63,  ,A.A.Sb-ang.decr Pyr. 
2,114,3862.6,3862.4,6930,0.998,6760,3690,0.996,3580,33.1,  ,  ,  ,  ,2.63,  ,A.A. 
2,115,3862.85,3862.65,4950,0.998,4820,  ,  ,  ,24.1,  ,  ,  ,  ,2.64,  ,A.A. 
2,116,3863.02,3862.82,  ,  ,  ,  ,  ,  ,  ,24.6,  ,80,5.9,  ,2.65, 
2,117,3863.2,3863,2270,0.994,2180,  ,  ,  ,24.8,  ,  ,  ,  ,2.63,  ,A.A. 
2,118,3867.2,3867,6430,0.998,6270,  ,  ,  ,22.9,  ,  ,  ,  ,2.64,  ,A.A.M/Crs-gr.P-srt. 
2,119,3867.35,3867.15,4950,0.997,4810,  ,  ,  ,21.1,  ,  ,  ,  ,2.65,  ,A.A.Crs-gr. 
2,120,3868.2,3868,1540,0.993,1480,  ,  ,  ,18.1,  ,  ,  ,  ,2.67,  ,A.A.M/Crs-gr.C-lam.incr Pyr. 
2,121,3868.45,3868.25,5410,0.998,5270,  ,  ,  ,22.2,  ,  ,  ,  ,2.64,  ,A.A.M-gr.w/o C-lam.decr Pyr. 
2,122,3868.9,3868.7,7150,0.999,6980,  ,  ,  ,22.3,  ,  ,  ,  ,2.66,  ,A.A.incr Pyr. 
2,123,3869.11,3868.91,  ,  ,  ,  ,  ,  ,  ,23.4,  ,73.9,6.3,  ,2.65, 
2,124,3869.2,3869,6470,0.998,6310,  ,  ,  ,23.3,  ,  ,  ,  ,2.66,  ,A.A.Fr-srt. 
2,125,3869.45,3869.25,9350,0.999,9150,  ,  ,  ,25,  ,  ,  ,  ,2.64,  ,A.A.decr Pyr. 
2,126,3869.7,3869.5,10000,0.999,9810,8050,0.998,7860,33.8,  ,  ,  ,  ,2.65,  ,A.A. 
2,127,3869.95,3869.75,8290,0.999,8110,  ,  ,  ,23.8,  ,  ,  ,  ,2.64,  ,A.A. 
2,128,3870.11,3869.91,  ,  ,  ,  ,  ,  ,  ,25,  ,83.2,5.4,  ,2.64, 
2,129,3870.2,3870,8790,0.998,8600,  ,  ,  ,24.1,  ,  ,  ,  ,2.65,  ,A.A. 
2,130,3870.4,3870.2,7310,0.999,7140,  ,  ,  ,24,  ,  ,  ,  ,2.65,  ,A.A. 
2,131,3870.6,3870.4,8370,0.999,8190,14800,0.999,14500,23.9,  ,  ,  ,  ,2.65,  ,A.A. 
2,132,3870.95,3870.75,8570,0.999,8380,  ,  ,  ,23.9,  ,  ,  ,  ,2.65,  ,A.A. 
2,133,3871.12,3870.92,  ,  ,  ,  ,  ,  ,  ,25.6,  ,79,7.4,  ,2.64, 
2,134,3871.2,3871,10900,0.999,10600,  ,  ,  ,25,  ,  ,  ,  ,2.66,  ,A.A.P-srt. 
2,135,3871.45,3871.25,11800,0.999,11600,  ,  ,  ,25.1,  ,  ,  ,  ,2.65,  ,A.A. 
2,136,3871.7,3871.5,11000,0.999,10800,12300,0.999,12000,24.6,  ,  ,  ,  ,2.64,  ,A.A. 
2,137,3871.95,3871.75,11900,0.999,11600,  ,  ,  ,24.7,  ,  ,  ,  ,2.64,  ,A.A. 
2,138,3872.08,3871.88,  ,  ,  ,  ,  ,  ,  ,24.9,  ,83.9,4.5,  ,2.65, 
2,139,3872.2,3872,13200,0.999,12900,  ,  ,  ,25.9,  ,  ,  ,  ,2.65,  ,A.A. 
2,140,3872.7,3872.5,11800,0.999,11500,10200,0.998,9980,23.3,  ,  ,  ,  ,2.66,  ,A.A.P-cmt.VP-srt. 
2,141,3873,3872.8,6520,0.999,6350,  ,  ,  ,24.7,  ,  ,  ,  ,2.64,  ,A.A.Fr-cmt.P-srt. 
2,142,3873.2,3873,6660,0.998,6500,  ,  ,  ,23.6,  ,  ,  ,  ,2.65,  ,A.A.incr Pyr. 
2,143,3873.45,3873.25,3590,0.997,3480,  ,  ,  ,23,  ,  ,  ,  ,2.64,  ,A.A.W-cmt.Fr-srt. 
2,144,3873.7,3873.5,4040,0.998,3920,3800,0.996,3680,23.6,  ,  ,  ,  ,2.65,  ,A.A. 
2,145,3873.95,3873.75,2580,0.996,2480,  ,  ,  ,22.8,  ,  ,  ,  ,2.65,  ,A.A. 
2,146,3874.14,3873.94,  ,  ,  ,  ,  ,  ,  ,22.5,  ,86,8,  ,2.65, 
2,147,3874.2,3874,1740,0.993,1670,  ,  ,  ,22.4,  ,  ,  ,  ,2.66,  ,A.A.Ang. 
2,148,3874.4,3874.2,2880,0.996,2790,  ,  ,  ,22.8,  ,  ,  ,  ,2.65,  ,A.A. 
2,149,3874.6,3874.4,291,0.971,268,564,0.979,529,20.9,  ,  ,  ,  ,2.65,  ,A.A.F/M-gr.slty. 
2,150,3874.95,3874.75,142,0.936,128,  ,  ,  ,21.4,  ,  ,  ,  ,2.65,  ,A.A.F-gr.w/o slty. 
2,151,3875.1,3874.9,  ,  ,  ,  ,  ,  ,  ,22.4,  ,77.8,13.1,  ,2.64, 
2,152,3875.2,3875,382,0.97,355,  ,  ,  ,20,  ,  ,  ,  ,2.66,  ,A.A.M-gr.P-srt. 
2,153,3875.45,3875.25,NMP ,  ,NMP ,  ,  ,  ,18.9,  ,  ,  ,  ,2.66,  ,A.A.F/M-gr.Fr-srt.Cl/Mic-lam.fis. 
2,154,3875.7,3875.5,16.3,0.746,13.5,245,0.967,225,15.2,  ,  ,  ,  ,2.64,  ,A.A.w/o fis. 
2,155,3875.95,3875.75,1.89,0.495,1.34,  ,  ,  ,12.7,  ,  ,  ,  ,2.65,  ,A.A.slty.w/o Cl/Mic-lam. 
2,156,3876.14,3875.94,  ,  ,  ,  ,  ,  ,  ,6.6,  ,21.3,60.1,  ,2.71, 
2,157,3876.2,3876,0.328,0.495,0.209,  ,  ,  ,8.2,  ,  ,  ,  ,2.7,  ,A.A.F-gr.W-srt.w/o slty.incr Sid. 
2,158,3876.45,3876.25,NMP ,  ,NMP ,  ,  ,  ,5.4,  ,  ,  ,  ,2.72,  ,A.A.F/M-gr.Fr-srt.fis.incr Calc. 
2,159,3876.75,3876.55,0.459,0.495,0.298,0.161,0.495,0.098,7.4,  ,  ,  ,  ,2.69,  ,A.A.w/o fis.decr Calc. 
2,160,3876.95,3876.75,  ,  ,  ,  ,  ,  ,  ,  ,  ,  ,  ,  ,  , 
2,161,3877.05,3876.85,  ,  ,  ,  ,  ,  ,  ,3.1,  ,25.5,63.1,  ,2.75, 
2,162,3877.2,3877,0.052,0.495,0.03,  ,  ,  ,4,  ,  ,  ,  ,2.76,  ,A.A.VF-gr.VW-cmt.VW-srt.incr Sid. 
2,163,3877.45,3877.25,94,0.907,83.5,  ,  ,  ,25.3,  ,  ,  ,  ,2.66,  ,A.A.W-cmt.W-srt.decr Sid. 
2,164,3877.75,3877.55,354,0.971,328,NMP ,  ,NMP ,29.9,  ,  ,  ,  ,2.65,  ,A.A.Fr-srt. 
2,165,3878,3877.8,243,0.972,223,  ,  ,  ,28.9,  ,  ,  ,  ,2.64,  ,A.A. 
2,166,3878.11,3877.91,  ,  ,  ,  ,  ,  ,  ,27.8,  ,72,15.1,  ,2.65, 
2,167,3878.2,3878,198,0.967,180,  ,  ,  ,25.4,  ,  ,  ,  ,2.67,  ,A.A.incr Dol. 
2,168,3878.4,3878.2,123,0.936,110,  ,  ,  ,24.3,  ,  ,  ,  ,2.67,  ,A.A. 
2,169,3878.7,3878.5,89.6,0.907,79.4,  ,  ,  ,21.8,  ,  ,  ,  ,2.67,  ,A.A. 
2,170,3878.95,3878.75,5.05,0.495,4.13,3.66,0.495,2.91,12,  ,  ,  ,  ,2.71,  ,A.A.W-srt.incr Sid. 
2,171,3879.12,3878.92,  ,  ,  ,  ,  ,  ,  ,11.9,  ,44.3,28.6,  ,2.72, 
2,172,3879.2,3879,10.5,0.595,8.78,  ,  ,  ,14.1,  ,  ,  ,  ,2.7,  ,A.A. 
2,173,3879.45,3879.25,4.73,0.495,3.84,  ,  ,  ,12.4,  ,  ,  ,  ,2.71,  ,A.A. 
2,174,3879.7,3879.5,0.584,0.495,0.385,0.587,0.495,0.387,8.6,  ,  ,  ,  ,2.73,  ,A.A.incr Calc. 
2,175,3879.95,3879.75,0.706,0.495,0.47,  ,  ,  ,9.7,  ,  ,  ,  ,2.71,  ,A.A. 
2,176,3880.14,3879.94,  ,  ,  ,  ,  ,  ,  ,21.9,  ,60.5,19,  ,2.64, 
2,177,3880.2,3880,50.1,0.83,43.6,  ,  ,  ,21.7,  ,  ,  ,  ,2.66,  ,"A.A.Fr-cmt.Fr-srt.decr Calc,Dol,Sid. "
2,178,3881.45,3881.25,124,0.936,111,  ,  ,  ,23.6,  ,  ,  ,  ,2.63,  ,A.A.incr C. 
2,179,3881.65,3881.45,  ,  ,  ,96.3,0.907,85.7,  ,  ,  ,  ,  ,  ,  , 
3,180,3882.1,3881.5,78.3,0.907,69,79.1,0.88,70,21.2,  ,  ,  ,  ,2.65,  ,"Sst.Brn.F-gr.Sb-ang.W-cmt.Fr-srt.mtrx.w/Mic,Pyr,Calc,Dol,Cl,"
3,181,3882.4,3881.8,60.3,0.855,52.8,  ,  ,  ,21.2,  ,  ,  ,  ,2.65,  ,A.A.w/C. 
3,182,3882.52,3881.92,  ,  ,  ,  ,  ,  ,  ,21.7,  ,57.5,22.8,  ,2.66, 
3,183,3882.6,3882,66.4,0.855,58.4,  ,  ,  ,21.5,  ,  ,  ,  ,2.66,  ,A.A. 
3,184,3882.8,3882.2,60.3,0.855,52.9,  ,  ,  ,21.1,  ,  ,  ,  ,2.65,  ,A.A. 
3,185,3883,3882.4,77.5,0.907,68.3,73.6,0.88,64.9,29,  ,  ,  ,  ,2.65,  ,A.A. 
3,186,3883.25,3882.65,79.1,0.907,69.7,  ,  ,  ,21.9,  ,  ,  ,  ,2.65,  ,A.A. 
3,187,3883.43,3882.83,  ,  ,  ,  ,  ,  ,  ,21.4,  ,60.4,21.1,  ,2.66, 
3,188,3883.5,3882.9,74.4,0.88,65.7,  ,  ,  ,21.9,  ,  ,  ,  ,2.66,  ,A.A.fis. 
3,189,3883.8,3883.2,95.2,0.907,84.6,  ,  ,  ,21.9,  ,  ,  ,  ,2.65,  ,A.A. 
3,190,3884.1,3883.5,63.9,0.88,56,45.4,0.83,39.3,18.7,  ,  ,  ,  ,2.66,  ,A.A. 
3,191,3884.35,3883.75,58.8,0.855,51.4,  ,  ,  ,17,  ,  ,  ,  ,2.67,  ,A.A. 
3,192,3884.52,3883.92,  ,  ,  ,  ,  ,  ,  ,17.8,  ,58.1,21.4,  ,2.7, 
3,193,3884.6,3884,56,0.855,48.9,  ,  ,  ,17.3,  ,  ,  ,  ,2.69,  ,A.A.P-srt.incr Pyr. 
3,194,3884.85,3884.25,62.8,0.855,55.2,  ,  ,  ,17.1,  ,  ,  ,  ,2.67,  ,A.A.Fr-srt.decr Pyr. 
3,195,3885.1,3884.5,68.6,0.88,60.3,88.3,0.907,78.2,21.4,  ,  ,  ,  ,2.67,  ,A.A.W-srt. 
3,196,3885.35,3884.75,103,0.907,92.2,  ,  ,  ,19.3,  ,  ,  ,  ,2.66,  ,A.A. 
3,197,3885.53,3884.93,  ,  ,  ,  ,  ,  ,  ,18.2,  ,59.6,23.6,  ,2.65, 
3,198,3885.6,3885,77.7,0.88,68.7,  ,  ,  ,19.2,  ,  ,  ,  ,2.65,  ,A.A.lt-Brn. 
3,199,3885.85,3885.25,69.2,0.88,60.8,  ,  ,  ,18.2,  ,  ,  ,  ,2.66,  ,A.A.Brn.P-srt. 
3,200,3886.15,3885.55,328,0.97,303,498,0.977,465,20.7,  ,  ,  ,  ,2.62,  ,A.A.incr C. 
3,201,3886.35,3885.75,511,0.979,479,  ,  ,  ,21.4,  ,  ,  ,  ,2.63,  ,A.A. 
3,202,3886.54,3885.94,  ,  ,  ,  ,  ,  ,  ,21.2,  ,68.8,18.1,  ,2.63, 
3,203,3886.6,3886,350,0.967,324,  ,  ,  ,21.1,  ,  ,  ,  ,2.63,  ,A.A. 
3,204,3886.85,3886.25,412,0.976,383,  ,  ,  ,21,  ,  ,  ,  ,2.63,  ,A.A. 
3,205,3887.1,3886.5,432,0.975,402,410,0.972,381,21.3,  ,  ,  ,  ,2.63,  ,A.A. 
3,206,3887.35,3886.75,57.7,0.88,50.3,  ,  ,  ,18.8,  ,  ,  ,  ,2.62,  ,A.A. 
3,207,3887.53,3886.93,  ,  ,  ,  ,  ,  ,  ,20.5,  ,55.6,22.3,  ,2.63, 
3,208,3887.6,3887,130,0.936,117,  ,  ,  ,20.7,  ,  ,  ,  ,2.62,  ,A.A. 
3,209,3887.85,3887.25,217,0.969,199,  ,  ,  ,21.7,  ,  ,  ,  ,2.63,  ,A.A. 
3,210,3888.15,3887.55,221,0.968,201,148,0.936,134,21.5,  ,  ,  ,  ,2.62,  ,A.A. 
3,211,3888.35,3887.75,170,0.936,154,  ,  ,  ,21.3,  ,  ,  ,  ,2.63,  ,A.A. 
3,212,3888.54,3887.94,  ,  ,  ,  ,  ,  ,  ,21.5,  ,67.4,20.1,  ,2.62, 
3,213,3888.6,3888,206,0.951,188,  ,  ,  ,21.4,  ,  ,  ,  ,2.63,  ,A.A.F/M-gr. 
3,214,3888.85,3888.25,177,0.969,160,  ,  ,  ,21.2,  ,  ,  ,  ,2.62,  ,A.A. 
3,215,3889.1,3888.5,109,0.907,97.8,132,0.936,119,20.9,  ,  ,  ,  ,2.62,  ,A.A.C-lam. 
3,216,3889.35,3888.75,40.9,0.83,35.2,  ,  ,  ,20.7,  ,  ,  ,  ,2.63,  ,A.A.w/o C-lam. 
3,217,3889.5,3888.9,  ,  ,  ,  ,  ,  ,  ,21.2,  ,64.5,26.1,  ,2.62, 
3,218,3889.6,3889,179,0.936,163,  ,  ,  ,22.2,  ,  ,  ,  ,2.64,  ,A.A.M-gr. 
3,219,3889.85,3889.25,94.5,0.907,84,  ,  ,  ,20.6,  ,  ,  ,  ,2.64,  ,A.A.F-gr. 
3,220,3890.15,3889.55,193,0.969,175,9.68,0.595,8.02,22.5,  ,  ,  ,  ,2.63,  ,A.A. 
3,221,3890.35,3889.75,146,0.936,132,  ,  ,  ,21.9,  ,  ,  ,  ,2.63,  ,A.A.F/M-gr. 
3,222,3890.52,3889.92,  ,  ,  ,  ,  ,  ,  ,22,  ,65.1,22.3,  ,2.63, 
3,223,3890.6,3890,84.3,0.88,74.8,  ,  ,  ,21.4,  ,  ,  ,  ,2.63,  ,A.A.Cl/Mic-lam. 
3,224,3890.85,3890.25,218,0.969,199,  ,  ,  ,23.2,  ,  ,  ,  ,2.63,  ,A.A.w/o Cl/Mic-lam. 
3,225,3891.1,3890.5,178,0.936,161,59.3,0.855,51.9,22.8,  ,  ,  ,  ,2.63,  ,A.A. 
3,226,3891.35,3890.75,94.5,0.907,84,  ,  ,  ,20.2,  ,  ,  ,  ,2.64,  ,A.A. 
3,227,3891.6,3891,1.89,0.495,1.34,  ,  ,  ,15.1,  ,  ,  ,  ,2.65,  ,A.A.F-gr.Styl. 
3,228,3891.85,3891.25,13,0.662,10.8,  ,  ,  ,18.8,  ,  ,  ,  ,2.64,  ,A.A. 
3,229,3892.15,3891.55,5.97,0.495,4.95,15.1,0.662,12.7,14.4,  ,  ,  ,  ,2.65,  ,A.A.slty.w/o Styl. 
3,230,3892.35,3891.75,87.3,0.907,77.3,  ,  ,  ,20.9,  ,  ,  ,  ,2.64,  ,A.A.M-gr.P-srt.fis. 
3,231,3892.51,3891.91,  ,  ,  ,  ,  ,  ,  ,20.2,  ,64.7,24.3,  ,2.65, 
3,232,3892.6,3892,75.9,0.88,67,  ,  ,  ,16.8,  ,  ,  ,  ,2.64,  ,"A.A.M/Crs-gr.w/o fis,slty. "
3,233,3892.85,3892.25,179,0.968,163,  ,  ,  ,22.2,  ,  ,  ,  ,2.64,  ,A.A.F/M-gr.Fr-srt. 
3,234,3893.1,3892.5,119,0.936,106,73.9,0.88,65.2,21.4,  ,  ,  ,  ,2.64,  ,A.A. 
3,235,3893.35,3892.75,184,0.968,167,  ,  ,  ,21.2,  ,  ,  ,  ,2.65,  ,A.A. 
3,236,3893.5,3892.9,  ,  ,  ,  ,  ,  ,  ,18.1,  ,69.1,21.8,  ,2.69, 
3,237,3893.6,3893,47.8,0.83,41.5,  ,  ,  ,15.3,  ,  ,  ,  ,2.67,  ,A.A.Gry.M-gr.incr Calc. 
3,238,3893.8,3893.2,124,0.936,111,  ,  ,  ,16.2,  ,  ,  ,  ,2.67,  ,A.A.lt-Brn.F/M-gr. 
3,239,3894.1,3893.5,132,0.936,118,95.3,0.907,84.7,21.8,  ,  ,  ,  ,2.64,  ,A.A.Brn.slty.decr Calc. 
3,240,3894.35,3893.75,1.32,0.495,0.915,  ,  ,  ,13.3,  ,  ,  ,  ,2.66,  ,A.A.F-gr.Styl.fis. 
3,241,3894.55,3893.95,  ,  ,  ,  ,  ,  ,  ,18.6,  ,42,37.1,  ,2.66, 
3,242,3894.6,3894,10.4,0.595,8.63,  ,  ,  ,18.8,  ,  ,  ,  ,2.65,  ,A.A.w/o fis. 
3,243,3894.85,3894.25,2.87,0.495,2.24,  ,  ,  ,15,  ,  ,  ,  ,2.62,  ,A.A.bed. 
3,244,3895.1,3894.5,71.8,0.88,63.2,  ,  ,  ,23.3,  ,  ,  ,  ,2.63,  ,"A.A.W-srt.w/o Styl,bed. "
3,245,3895.35,3894.75,85.6,0.907,75.7,  ,  ,  ,23.4,  ,  ,  ,  ,2.64,  ,A.A. 
3,246,3895.52,3894.92,  ,  ,  ,  ,  ,  ,  ,23.6,  ,61.1,27.2,  ,2.64, 
3,247,3895.6,3895,73.1,0.88,64.4,  ,  ,  ,31.3,  ,  ,  ,  ,2.64,  ,A.A. 
3,248,3895.85,3895.25,103,0.907,92,  ,  ,  ,23.4,  ,  ,  ,  ,2.64,  ,A.A. 
3,249,3896.15,3895.55,97.3,0.936,86.3,61.7,0.855,54.1,24.1,  ,  ,  ,  ,2.65,  ,A.A. 
3,250,3896.35,3895.75,107,0.907,95.5,  ,  ,  ,23.4,  ,  ,  ,  ,2.64,  ,A.A.Fr-srt. 
3,251,3896.52,3895.92,  ,  ,  ,  ,  ,  ,  ,18.7,  ,45.9,35.7,  ,2.62, 
3,252,3896.6,3896,40.1,0.808,34.6,  ,  ,  ,21.7,  ,  ,  ,  ,2.64,  ,A.A.Gry. 
3,253,3896.85,3896.25,104,0.907,93.2,  ,  ,  ,23,  ,  ,  ,  ,2.64,  ,A.A.lt-Brn. 
3,254,3897.1,3896.5,102,0.907,90.5,99.4,0.907,88.6,22.5,  ,  ,  ,  ,2.64,  ,A.A. 
3,255,3897.35,3896.75,67,0.88,58.8,  ,  ,  ,21.7,  ,  ,  ,  ,2.64,  ,A.A. 
3,256,3897.53,3896.93,  ,  ,  ,  ,  ,  ,  ,21,  ,58.4,22.5,  ,2.64, 
3,257,3897.6,3897,61.6,0.855,54.1,  ,  ,  ,21.6,  ,  ,  ,  ,2.65,  ,A.A.Gry. 
3,258,3897.85,3897.25,84.7,0.907,74.9,  ,  ,  ,21.1,  ,  ,  ,  ,2.64,  ,A.A.lt-Brn. 
3,259,3898.15,3897.55,62.3,0.88,54.4,42.9,0.83,37,19.7,  ,  ,  ,  ,2.65,  ,A.A. 
3,260,3898.35,3897.75,72.8,0.88,64.1,  ,  ,  ,17.4,  ,  ,  ,  ,2.68,  ,A.A.M/Crs-gr.P-srt.incr Pyr. 
3,261,3898.54,3897.94,  ,  ,  ,  ,  ,  ,  ,17.2,  ,68.3,22.7,  ,2.66, 
3,262,3898.6,3898,49,0.855,42.5,  ,  ,  ,17.5,  ,  ,  ,  ,2.66,  ,A.A.decr Pyr. 
3,263,3898.85,3898.25,162,0.936,147,  ,  ,  ,18.1,  ,  ,  ,  ,2.64,  ,A.A.M-gr.Fr-srt. 
3,264,3899.15,3898.55,92.2,0.907,81.8,  ,  ,  ,17.3,  ,  ,  ,  ,2.67,  ,A.A.F/M-gr.slty.incr Pyr. 
3,265,3899.6,3899,1590,0.994,1520,  ,  ,  ,21,  ,  ,  ,  ,2.63,  ,A.A.Brn.M-gr.w/o slty.incr C.decr Pyr. 
3,266,3899.85,3899.25,1580,0.992,1510,  ,  ,  ,20.9,  ,  ,  ,  ,2.63,  ,A.A. 
3,267,3900.15,3899.55,1570,0.992,1500,1440,0.991,1370,21.8,  ,  ,  ,  ,2.63,  ,A.A. 
3,268,3900.35,3899.75,2660,0.996,2570,  ,  ,  ,22.8,  ,  ,  ,  ,2.63,  ,A.A. 
3,269,3900.6,3900,1640,0.993,1570,  ,  ,  ,21.2,  ,  ,  ,  ,2.62,  ,A.A. 
3,270,3900.85,3900.25,1120,0.99,1070,  ,  ,  ,19.7,  ,  ,  ,  ,2.6,  ,A.A. 
3,271,3901.1,3900.5,1220,0.993,1160,1910,0.994,1830,29.9,  ,  ,  ,  ,2.63,  ,A.A. 
3,272,3901.35,3900.75,2780,0.996,2690,  ,  ,  ,20.6,  ,  ,  ,  ,2.63,  ,A.A. 
3,273,3901.5,3900.9,  ,  ,  ,  ,  ,  ,  ,19.3,  ,79.5,15,  ,2.63, 
3,274,3901.6,3901,1280,0.99,1220,  ,  ,  ,19.7,  ,  ,  ,  ,2.65,  ,"Sst.Brn.M/Crs-gr.Sb-ang.W-cmt.Fr-srt.Mtrx.w/Mic.ltl-Calc,Pyr"
3,275,3901.85,3901.25,473,0.978,442,  ,  ,  ,18.2,  ,  ,  ,  ,2.61,  ,"A.A.w/C,Cl.ltl-Pyr. "
3,276,3902.15,3901.55,1340,0.993,1280,270,0.967,248,20.3,  ,  ,  ,  ,2.63,  ,A.A. 
3,277,3902.35,3901.75,1510,0.992,1440,  ,  ,  ,20.9,  ,  ,  ,  ,2.62,  ,A.A. 
3,278,3902.53,3901.93,  ,  ,  ,  ,  ,  ,  ,19,  ,76.8,15.5,  ,2.62, 
3,279,3902.6,3902,464,0.977,433,  ,  ,  ,20.2,  ,  ,  ,  ,2.66,  ,A.A.F-gr.scat-M-gr.decr-Mic.ltl-C.scat-Calc. 
3,280,3902.85,3902.25,305,0.968,282,  ,  ,  ,19.6,  ,  ,  ,  ,2.62,  ,A.A.ltl-Mic.w/o Calc. 
3,281,3903.1,3902.5,239,0.969,219,803,0.985,759,26.3,  ,  ,  ,  ,2.64,  ,A.A.M/Crs-gr.Decr-Mic. 
3,282,3903.35,3902.75,273,0.969,251,  ,  ,  ,19.9,  ,  ,  ,  ,2.63,  ,A.A.w/o-M-gr.scat-Crs-gr.decr-C. 
3,283,3903.52,3902.92,  ,  ,  ,  ,  ,  ,  ,18.9,  ,67.3,23.5,  ,2.63, 
3,284,3903.6,3903,724,0.983,683,  ,  ,  ,18.3,  ,  ,  ,  ,2.63,  ,"Sst.Brn.M/Crs/VCrs-gr.Sb-ang.W-cmt.Fr-srt.ltl-C,Cl,Mic. "
3,285,3903.85,3903.25,244,0.969,223,  ,  ,  ,18.4,  ,  ,  ,  ,2.63,  ,"A.A.F-gr.scat-Crs/VCrs-gr.Fr/P-srt.Mtrx.incr-C,Cl,Mic. "
3,286,3904.15,3903.55,506,0.976,473,490,0.975,459,19.5,  ,  ,  ,  ,2.63,  ,A.A.F/M-gr.Fr-srt.decr-C. 
3,287,3904.35,3903.75,524,0.979,491,  ,  ,  ,19.3,  ,  ,  ,  ,2.63,  ,A.A. 
3,288,3904.53,3903.93,  ,  ,  ,  ,  ,  ,  ,19.3,  ,68.2,23.4,  ,2.63, 
3,289,3904.6,3904,346,0.967,320,  ,  ,  ,19.5,  ,  ,  ,  ,2.65,  ,"A.A.W-srt.w/o-C.decr-Cl,Mic.ltl-Calc. "
3,290,3904.85,3904.25,1200,0.99,1140,  ,  ,  ,20.1,  ,  ,  ,  ,2.63,  ,A.A.M-gr.ltl-C.w/o-Calc. 
3,291,3905.1,3904.5,743,0.985,702,742,0.984,700,19.6,  ,  ,  ,  ,2.63,  ,A.A.incr-Mtrx. 
3,292,3905.35,3904.75,1130,0.99,1070,  ,  ,  ,19.2,  ,  ,  ,  ,2.62,  ,A.A.incr-Cl. 
3,293,3905.53,3904.93,  ,  ,  ,  ,  ,  ,  ,17.9,  ,70.9,20.6,  ,2.62, 
3,294,3905.6,3905,170,0.936,154,  ,  ,  ,17.8,  ,  ,  ,  ,2.64,  ,"A.A.F/M-gr.scat-Crs-gr.Fr-srt.decr- Mtrx,C. "
3,295,3905.85,3905.25,214,0.967,196,  ,  ,  ,18.1,  ,  ,  ,  ,2.62,  ,A.A.incr-Mtrx. 
3,296,3906.15,3905.55,253,0.967,232,162,0.951,147,18.9,  ,  ,  ,  ,2.62,  ,"Sst.Brn.F/M-gr.Sb-ang.W-cmt.W-srt.Mtrx.ltl-C,Cl,Mic. "
3,297,3906.35,3905.75,648,0.983,610,  ,  ,  ,19.3,  ,  ,  ,  ,2.62,  ,A.A.M-gr. 
3,298,3906.52,3905.92,  ,  ,  ,  ,  ,  ,  ,15.7,  ,46.9,35.4,  ,2.63, 
3,299,3906.6,3906,157,0.936,143,  ,  ,  ,19.7,  ,  ,  ,  ,2.65,  ,A.A.F-gr.scat-Pyr. 
3,300,3906.8,3906.2,NMP ,  ,NMP ,  ,  ,  ,15.7,  ,  ,  ,  ,2.62,  ,A.A.F-gr.scat-Crs-gr.W/Fr-srt.Frac.C/Cl/Mic-lam. 
3,301,3907.1,3906.5,69.8,0.88,61.4,84.1,0.88,74.6,18.6,  ,  ,  ,  ,2.64,  , 
3,302,3907.35,3906.75,392,0.978,365,  ,  ,  ,27.7,  ,  ,  ,  ,2.64,  ,"Sst.Brn.F/M-gr.scat-Crs-gr.Sb-ang.W-cmt.Fr-srt.Mtrx.ltl-C,Cl"
3,303,3907.85,3907.25,2050,0.995,1970,  ,  ,  ,19.9,  ,  ,  ,  ,2.64,  ,A.A.M/Crs-gr.W/Fr-srt.w/o-C.Ltl-Mic 
3,304,3908.1,3907.5,0.921,0.495,0.623,  ,  ,  ,11.4,  ,  ,  ,  ,2.69,  ,A.A.Vf/F-gr.Slty.Cl/Mic-lam.Ltl-Sid. 
3,305,3908.5,3907.9,NMP ,  ,NMP ,  ,  ,  ,15.5,  ,  ,  ,  ,2.64,  ,"A.A.Frac.Scs-Calc,C.w/o-Sid. "
3,306,3908.85,3908.25,52.7,0.855,45.9,  ,  ,  ,22.5,  ,  ,  ,  ,2.63,  ,"A.A.F-gr.W-srt.w/o-Frac,Slty,lam.Ltl-Cl,Mic. "
4,307,3909.1,3908.5,220,0.967,201,  ,  ,  ,24.4,  ,  ,  ,  ,2.65,  ,A.A.lt-Gry.incr Mic. 
4,308,3909.17,3908.57,  ,  ,  ,  ,  ,  ,  ,23.7,  ,62.3,27.3,  ,2.63, 
4,309,3909.6,3909,179,0.936,163,  ,  ,  ,24,  ,  ,  ,  ,2.64,  ,A.A. 
4,310,3909.85,3909.25,163,0.936,148,  ,  ,  ,23.5,  ,  ,  ,  ,2.63,  ,A.A.decr Mic. 
4,311,3910.15,3909.55,175,0.936,159,152,0.936,137,23.5,  ,  ,  ,  ,2.63,  ,A.A. 
4,312,3910.35,3909.75,158,0.936,143,  ,  ,  ,23.2,  ,  ,  ,  ,2.63,  ,A.A. 
4,313,3910.52,3909.92,  ,  ,  ,  ,  ,  ,  ,24.3,  ,64.1,23.1,  ,2.64, 
4,314,3910.6,3910,213,0.967,194,  ,  ,  ,24.5,  ,  ,  ,  ,2.64,  ,A.A.incr Mic. 
4,315,3910.85,3910.25,228,0.967,208,  ,  ,  ,23.8,  ,  ,  ,  ,2.63,  ,A.A.decr Mic. 
4,316,3911.1,3910.5,261,0.967,239,238,0.967,218,24.4,  ,  ,  ,  ,2.64,  ,A.A.incr Mic. 
4,317,3911.35,3910.75,219,0.967,200,  ,  ,  ,24.1,  ,  ,  ,  ,2.64,  ,A.A. 
4,318,3911.51,3910.91,  ,  ,  ,  ,  ,  ,  ,24.3,  ,66.4,23.5,  ,2.64, 
4,319,3911.6,3911,243,0.967,223,  ,  ,  ,24.9,  ,  ,  ,  ,2.64,  ,A.A. 
4,320,3911.85,3911.25,100,0.907,89.1,  ,  ,  ,22.2,  ,  ,  ,  ,2.64,  ,A.A. 
4,321,3912.15,3911.55,91.5,0.907,81.2,75.4,0.88,66.6,22,  ,  ,  ,  ,2.64,  ,A.A. 
4,322,3912.35,3911.75,274,0.967,252,  ,  ,  ,24.3,  ,  ,  ,  ,2.65,  ,"Sst.lt-Gry.F-gr.Sbang.W/Fr-cmt.W-srt.Ltl-Mtrx,Mic,Ci.Scs-Pyr"
4,323,3912.52,3911.92,  ,  ,  ,  ,  ,  ,  ,24.1,  ,68.7,20.7,  ,2.64, 
4,324,3912.6,3912,262,0.967,241,  ,  ,  ,24,  ,  ,  ,  ,2.64,  ,"A.A.,decr-Mtrx. "
4,325,3912.85,3912.25,323,0.967,299,  ,  ,  ,24.7,  ,  ,  ,  ,2.66,  ,A.A.incr-Mic. 
4,326,3913.1,3912.5,266,0.967,244,185,0.936,168,22.8,  ,  ,  ,  ,2.68,  ,A.A.scat-Pyr. 
4,327,3913.35,3912.75,218,0.967,199,  ,  ,  ,21.4,  ,  ,  ,  ,2.68,  ,A.A.W-cmt. 
4,328,3913.53,3912.93,  ,  ,  ,  ,  ,  ,  ,21.2,  ,73.1,19.1,  ,2.67, 
4,329,3913.6,3913,221,0.967,202,  ,  ,  ,21,  ,  ,  ,  ,2.66,  ,A.A. 
4,330,3913.85,3913.25,261,0.967,240,  ,  ,  ,21.7,  ,  ,  ,  ,2.66,  ,A.A. 
4,331,3914.2,3913.6,76.9,0.88,67.9,75.3,0.88,66.4,20.4,  ,  ,  ,  ,2.67,  ,A.A.VF/F-gr 
4,332,3914.4,3913.8,63.6,0.88,55.7,  ,  ,  ,20.4,  ,  ,  ,  ,2.67,  ,A.A.decr-Pyr.scs-Sid. 
4,333,3914.5,3913.9,  ,  ,  ,  ,  ,  ,  ,20.8,  ,59.9,28.5,  ,2.67, 
4,334,3914.6,3914,41.7,0.808,36.1,  ,  ,  ,19.4,  ,  ,  ,  ,2.66,  ,A.A. 
4,335,3914.85,3914.25,59.9,0.88,52.3,  ,  ,  ,20.8,  ,  ,  ,  ,2.66,  ,A.A.Incr-Pyr.w/o-Sid. 
4,336,3915.15,3914.55,85.1,0.907,75.3,51.2,0.83,44.7,21.4,  ,  ,  ,  ,2.66,  ,A.A. 
4,337,3915.35,3914.75,101,0.907,90.3,  ,  ,  ,22.3,  ,  ,  ,  ,2.66,  ,A.A. 
4,338,3915.51,3914.91,  ,  ,  ,  ,  ,  ,  ,22.3,  ,61.3,26.8,  ,2.66, 
4,339,3915.6,3915,129,0.936,116,  ,  ,  ,22.8,  ,  ,  ,  ,2.65,  ,A.A.scs-C. 
4,340,3916.05,3915.45,NMP ,  ,NMP ,  ,  ,  ,19.7,  ,  ,  ,  ,2.67,  ,A.A.Frac.scs-Sid. 
4,341,3916.3,3915.7,139,0.936,125,  ,  ,  ,23.2,  ,  ,  ,  ,2.66,  ,"A.A.w/o-Frac,C,Sid.decr-Pyr. "
4,342,3916.6,3916,306,0.967,282,  ,  ,  ,25.5,  ,  ,  ,  ,2.69,  ,A.A.W/Fr-cmt.scat-Pyr. 
4,343,3916.8,3916.2,248,0.967,227,  ,  ,  ,24.4,  ,  ,  ,  ,2.67,  ,A.A.decr-Pyr. 
4,344,3917,3916.4,238,0.967,218,169,0.936,153,24.2,  ,  ,  ,  ,2.67,  ,A.A. 
4,345,3917.35,3916.75,181,0.936,165,  ,  ,  ,24.4,  ,  ,  ,  ,2.68,  ,A.A.incr-Mic. 
4,346,3917.5,3916.9,  ,  ,  ,  ,  ,  ,  ,24,  ,62.4,24,  ,2.66, 
4,347,3917.6,3917,243,0.967,223,  ,  ,  ,24,  ,  ,  ,  ,2.65,  ,"Sst.lt-gry.F-gr.Sb-ang.W/Fr-cmt.W-srt.ltl-Cl,Mic.Scat-Pyr. "
4,348,3917.85,3917.25,49.6,0.855,43.1,  ,  ,  ,20.2,  ,  ,  ,  ,2.66,  ,A.A.VF/F-gr.W-cmt.ltl-Mtrx.scs-Sid. 
4,349,3918.1,3917.5,39.8,0.83,34.3,39,0.808,33.6,24.2,  ,  ,  ,  ,2.65,  ,A.A.F-gr. 
4,350,3918.35,3917.75,66.1,0.88,58,  ,  ,  ,21.8,  ,  ,  ,  ,2.66,  ,A.A.scs-Pyr. 
4,351,3918.49,3917.89,  ,  ,  ,  ,  ,  ,  ,21.4,  ,51.1,34.6,  ,2.66, 
4,352,3918.6,3918,63.3,0.855,55.6,  ,  ,  ,20.8,  ,  ,  ,  ,2.67,  ,A.A.F-gr.w/o-Sid.incr-Pyr. 
4,353,3918.85,3918.25,23.6,0.746,20,  ,  ,  ,17.3,  ,  ,  ,  ,2.68,  ,"A.A.VF/F-gr.scat-M-gr,Pyr. "
4,354,3919.1,3918.5,67.5,0.88,59.2,59.1,0.855,51.7,21.2,  ,  ,  ,  ,2.68,  ,A.A.w/o-M-gr. 
4,355,3919.35,3918.75,8.11,0.595,6.63,  ,  ,  ,15.6,  ,  ,  ,  ,2.75,  ,A.A.lt-Gry/Gry.w/o-Mtrx.Cl/Mic-lam.incr-Pyr. 
4,356,3919.52,3918.92,  ,  ,  ,  ,  ,  ,  ,16.9,  ,45.5,38.8,  ,2.81, 
4,357,3920.05,3919.45,1.46,0.495,1.02,0.195,0.495,0.12,4.3,  ,  ,  ,  ,2.58,  ,"A.A.Gry.VW-cmt.Mott.Fis.w/o-lam,Pyr.w/Cl.incr-Mic.ltl-C. "
4,358,3920.3,3919.7,NMP ,  ,NMP ,  ,  ,  ,3.9,  ,  ,  ,  ,2.62,  ,"A.A.w/o-Mott,Fis.Silt.Frac.decr-C,Cl,Mic.scs-Pyr. "
4,359,3920.6,3920,1.89,0.495,1.33,  ,  ,  ,5.3,  ,  ,  ,  ,2.64,  ,A.A.w/o-Frac.Fis.decr-Silt.scs-C. 
4,360,3920.8,3920.2,3.17,0.495,2.49,  ,  ,  ,4.6,  ,  ,  ,  ,2.63,  ,"Sst.Gry.F-gr.Sb-ang.VW-cmt.W-srt.Silt,Fis.w/Cl.ltl-Mic.Scs-C"
4,361,3921.15,3920.55,NMP ,  ,NMP ,0.275,0.495,0.173,8.6,  ,  ,  ,  ,2.64,  , 
4,362,3921.35,3920.75,1.56,0.495,1.09,  ,  ,  ,5.1,  ,  ,  ,  ,2.64,  ,A.A.VF/F-gr.w/o-C. 
4,363,3921.5,3920.9,  ,  ,  ,  ,  ,  ,  ,4.4,  ,5.7,78.9,  ,2.67, 
4,364,3921.6,3921,0.053,0.495,0.03,  ,  ,  ,4.6,  ,  ,  ,  ,2.66,  ,A.A.VF-gr.scat-F-grw/o-Fis.decr-Silt..scat-Pyr. 
4,365,3921.85,3921.25,1.07,0.495,0.733,  ,  ,  ,3.8,  ,  ,  ,  ,2.67,  ,A.A.VF/F-gr.incr-Pyr.Scat-C. 
4,366,3922.1,3921.5,1.23,0.495,0.846,0.365,0.495,0.233,4.3,  ,  ,  ,  ,2.65,  ,"A.A.decr-C,Pyr. "
4,367,3922.35,3921.75,3.38,0.495,2.67,  ,  ,  ,13.2,  ,  ,  ,  ,2.67,  ,A.A.lt-Gry/Gry.F-gr.w/o-Silt.Ltl-Cl. 
4,368,3922.49,3921.89,  ,  ,  ,  ,  ,  ,  ,15.1,  ,0,83.7,  ,2.67, 
4,369,3922.6,3922,1.49,0.495,1.04,  ,  ,  ,4.7,  ,  ,  ,  ,2.63,  ,A.A.VF/F-gr.ltl-Silt.incr-Cl. 
4,370,3923.05,3922.45,NMP ,  ,NMP ,NMP ,  ,NMP ,6.5,  ,  ,  ,  ,2.64,  ,A.A.Gry.Frac.incr-Silt.w/Cl. 
4,371,3923.3,3922.7,0.38,0.495,0.244,  ,  ,  ,5.6,  ,  ,  ,  ,2.65,  ,A.A.w/o-Frac. 
4,372,3923.47,3922.87,  ,  ,  ,  ,  ,  ,  ,6.7,  ,0,75.4,  ,2.71, 
4,373,3923.6,3923,0.1,0.495,0.059,  ,  ,  ,3.9,  ,  ,  ,  ,2.64,  ,A.A.VF-gr.w/o-Pyr. 
4,374,3923.85,3923.25,1.17,0.495,0.8,  ,  ,  ,6.7,  ,  ,  ,  ,2.66,  ,"Sst.lt-gry.VF-gr.Sb-ang.VW-cmt.W-srt.Scs-Cl,Mic. "
4,375,3924.1,3923.5,NMP ,  ,NMP ,1.04,0.495,0.708,6.6,  ,  ,  ,  ,2.64,  ,Sst.lt-Gry/Gry.VF/F-gr.VW-cmt.W-srt.Frac.Mtrx.w/Cl.Ltl-Mic. 
4,376,3924.49,3923.89,  ,  ,  ,  ,  ,  ,  ,12.3,  ,0,79.9,  ,2.67, 
4,377,3924.6,3924,0.127,0.495,0.077,  ,  ,  ,7.8,  ,  ,  ,  ,2.65,  ,A.A.F-gr.Sb-ang.ltl-Cl.scat-Pyr 
4,378,3924.8,3924.2,0.655,0.495,0.434,  ,  ,  ,11.9,  ,  ,  ,  ,2.65,  ,A.A.VW/W-cmt.decr-Pyr. 
4,379,3925,3924.4,8.77,0.595,7.22,  ,  ,  ,14.5,  ,  ,  ,  ,2.65,  ,"A.A.lt-Gry.VW-cmt.decr-Mtrx,Cl,Mic.Scs-C,Pyr. "
4,380,3925.7,3925.1,0.312,0.495,0.198,  ,  ,  ,9.1,  ,  ,  ,  ,2.66,  ,A.A.incr-Cl.scat-Pyr.w/o-C: 
4,381,3925.9,3925.3,NMP ,  ,NMP ,0.124,0.495,0.075,4.6,  ,  ,  ,  ,2.64,  ,A.A.Gry.Frac.Silt.w/Cl.incr-Mic.w/o-Pyr.scs-C. 
4,382,3926.1,3925.5,NMP ,  ,NMP ,  ,  ,  ,3.6,  ,  ,  ,  ,2.67,  ,A.A.Scat-Pyr. 
4,383,3926.35,3925.75,NMP ,  ,NMP ,  ,  ,  ,3.9,  ,  ,  ,  ,2.54,  ,"A.A.w/o-Mtrx,Pyr.incr-silt.Wd.ltl-C. "
4,384,3926.5,3925.9,  ,  ,  ,  ,  ,  ,  ,9.4,  ,0,90.8,  ,2.65, 
4,385,3926.6,3926,6,0.495,4.97,  ,  ,  ,9.6,  ,  ,  ,  ,2.67,  ,"Sst.lt-Gry.VF-gr.VW/W-cmt.W-srt.ltl-Mtrx,Cl,Mic.Scat-Pyr. "
4,386,3926.85,3926.25,4.57,0.495,3.7,  ,  ,  ,17,  ,  ,  ,  ,2.65,  ,A.A.lt-Gry/Gry.VF/F-gr.VW-cmt.scs-C. 
4,387,3927.15,3926.55,46.1,0.854,39.8,1.26,0.495,0.868,21.4,  ,  ,  ,  ,2.64,  ,A:A:lt-Gry.F-gr.w/o-Pyr 
4,388,3927.35,3926.75,10.6,0.62,8.82,  ,  ,  ,15.5,  ,  ,  ,  ,2.63,  ,A.A.Cl-lam. 
4,389,3927.52,3926.92,  ,  ,  ,  ,  ,  ,  ,  ,  ,  ,  ,  ,  , 
4,390,3927.6,3927,16.8,0.662,14.2,  ,  ,  ,14.8,  ,  ,  ,  ,2.65,  ,A.A.W-cmt.C-lam.w/Cl.scat-Pyr. 
4,391,3927.85,3927.25,0.281,0.495,0.177,  ,  ,  ,5.1,  ,  ,  ,  ,2.63,  ,"A.A.VF/F-gr.VW-cmt.w/o-lam,Pyr.decr-Cl.scs-C. "
4,392,3928.1,3927.5,1.12,0.495,0.77,2.58,0.495,1.99,10.5,  ,  ,  ,  ,2.65,  ,A.A..scs-Pyr. 
4,393,3928.49,3927.89,  ,  ,  ,  ,  ,  ,  ,  ,  ,  ,  ,  ,  , 
4,394,3928.6,3928,0.932,0.495,0.631,  ,  ,  ,5.7,  ,  ,  ,  ,2.65,  ,"A.A.VF-gr.w/o-Mtrx,C,Pyr.Ltl-Cl. "
4,395,3928.75,3928.15,NMP ,  ,NMP ,  ,  ,  ,10.8,  ,  ,  ,  ,2.67,  ,"A.A.VF/F-gr.W/Fr-srt.Frac.Ltl-Mtrx.w/Cl,Mic.scat-Pyr. "
4,396,3929.15,3928.55,0.306,0.495,0.194,0.138,0.495,0.084,10,  ,  ,  ,  ,2.64,  ,"A:A:W-srt.w/o-Frac.Ltl-Cl,Mic.Scs-C,Pyr. "
4,397,3929.35,3928.75,2.91,0.495,2.27,  ,  ,  ,15.3,  ,  ,  ,  ,2.64,  ,"A.A.F-gr.incr-Cl.w/o-C,Pyr. "
4,398,3929.52,3928.92,  ,  ,  ,  ,  ,  ,  ,  ,  ,  ,  ,  ,  , 
4,399,3929.6,3929,NMP ,  ,NMP ,  ,  ,  ,8.9,  ,  ,  ,  ,2.65,  ,"Sst.lt-Gry.VF/F-gr.Sbang.VW-cmt.W-srt.Frac.w/cl,Mic.Scat-Pyr"
4,400,3929.85,3929.25,NMP ,  ,NMP ,  ,  ,  ,4.8,  ,  ,  ,  ,2.54,  ,"A.A.Gry.VF-gr.Silt.Incr-Cl,Mic.Ltl-C. "
4,401,3930.1,3929.5,1.2,0.495,0.823,0.277,0.495,0.174,9.5,  ,  ,  ,  ,2.54,  ,"A.A.VF/F-gr.W/Fr-srt.w/o-Frac.Mott.ltl-Mtrx.decr-C,Mic. "
4,402,3930.3,3929.7,1.09,0.495,0.743,  ,  ,  ,11,  ,  ,  ,  ,2.54,  ,A.A.w/o-Mott.incr-C. scs-Pyr. 
4,403,3930.52,3929.92,  ,  ,  ,  ,  ,  ,  ,  ,  ,  ,  ,  ,  , 
4,404,3930.6,3930,0.39,0.495,0.25,  ,  ,  ,10.4,  ,  ,  ,  ,2.53,  ,A.A.scat-M-gr.w/o-Pyr. 
4,405,3930.85,3930.25,1.8,0.495,1.27,  ,  ,  ,15.6,  ,  ,  ,  ,2.64,  ,"Sst.lt-Gry.F-gr.Sb-ang.VW-cmt.W-srt.ltl-Mtrx,Cl,Mic. "
4,406,3931.15,3930.55,17.4,0.746,14.4,0.382,0.495,0.245,10,  ,  ,  ,  ,2.93,  ,"A.A.W/Fr-srt.decr-Mtrx,Cl,Mic.abd-Pyr.Scs-C. "
4,407,3931.35,3930.75,1.38,0.495,0.953,  ,  ,  ,3.4,  ,  ,  ,  ,2.63,  ,"A.A.Gry.VF/F-gr.W-srt.Fis.incr-Mtrx,Mic.w/Cl.w/o-Pyr. "
4,408,3931.53,3930.93,  ,  ,  ,  ,  ,  ,  ,  ,  ,  ,  ,  ,  , 
4,409,3931.6,3931,0.281,0.495,0.177,  ,  ,  ,4.9,  ,  ,  ,  ,2.63,  ,A.A.VF-gr.w/o-Fis.decr-Mtrx. 
4,410,3931.9,3931.3,NMP ,  ,NMP ,  ,  ,  ,11.5,  ,  ,  ,  ,2.25,  ,"A.A.Blk/Gry.scat-F-gr.Fr-srt.Frac.decr-,Cl,Mic.abd-C.ltl-Pyr"
4,411,3932.15,3931.55,1.19,0.495,0.815,0.165,0.495,0.101,6.9,  ,  ,  ,  ,2.47,  ,"Sst.Gry.VF-gr.scat-F-gr.Sb-angVW-cmt.W/Fr-srt.w/C,Cl.ltl-Mic"
4,412,3932.35,3931.75,0.689,0.495,0.458,  ,  ,  ,6.9,  ,  ,  ,  ,2.51,  ,A.A.W-srt.ltl-Mtrx.decr-C. 
4,413,3932.52,3931.92,  ,  ,  ,  ,  ,  ,  ,  ,  ,  ,  ,  ,  , 
4,414,3932.6,3932,8.91,0.572,7.4,  ,  ,  ,5.1,  ,  ,  ,  ,2.54,  ,A.A.VF/F-gr. 
4,415,3932.95,3932.35,NMP ,  ,NMP ,  ,  ,  ,4.8,  ,  ,  ,  ,2.58,  ,A.A.Frac. 
4,416,3933.15,3932.55,NMP ,  ,NMP ,0.145,0.495,0.088,3.8,  ,  ,  ,  ,2.6,  ,"A.A.Mott.decr-Cl,Mic.scs-Pyr. "
4,417,3933.35,3932.75,0.3,0.495,0.189,  ,  ,  ,7.4,  ,  ,  ,  ,2.64,  ,"Sst.lt-Gry/Gry.VF/F-gr.Sb-ang.VW-cmt.W-srt.Ltl-Cl,Mic.scs-C,"
4,418,3933.53,3932.93,  ,  ,  ,  ,  ,  ,  ,  ,  ,  ,  ,  ,  , 
4,419,3933.6,3933,0.206,0.495,0.127,  ,  ,  ,8.3,  ,  ,  ,  ,2.69,  ,"A.A.lt-Gry.F-gr.ltl-Myrx.decr-Cl,Mic.w/o-C.Scat-Pyr. "
4,420,3933.8,3933.2,0.31,0.495,0.197,  ,  ,  ,3.6,  ,  ,  ,  ,2.65,  ,A.A.Gry.VF-gr.Silt.w/Cl.incr-Mic.decr-Pyr.scs-C. 
4,421,3934,3933.4,0.395,0.495,0.254,NMP ,  ,NMP ,5.7,  ,  ,  ,  ,2.66,  ,A.A. 
4,422,3934.25,3933.65,0.233,0.495,0.145,  ,  ,  ,4.9,  ,  ,  ,  ,2.64,  ,A.A.w/o-Pyr. 
4,423,3934.54,3933.94,  ,  ,  ,  ,  ,  ,  ,  ,  ,  ,  ,  ,  , 
4,424,3934.6,3934,0.558,0.495,0.367,  ,  ,  ,11.1,  ,  ,  ,  ,2.64,  ,A.A.lt-Gry/Gry.VF/F-gr.w/o-Silt.ltl-Cl.decr-Mic.scs-Pyr. 
4,425,3934.75,3934.15,NMP ,  ,NMP ,  ,  ,  ,4.6,  ,  ,  ,  ,2.64,  ,A:A.Frac.Cl/Mic-lam. 
4,426,3934.95,3934.35,26.4,0.83,22.1,  ,  ,  ,23.9,  ,  ,  ,  ,2.64,  ,"A.A.w/o-Frac,Lam,Pyr.Decr-Cl,Mic. "
5,427,3935.3,3935.5,NMP ,  ,NMP ,0.099,0.495,0.059,4.4,  ,  ,  ,  ,2.71,  ,A.A.Frac.Scat-Pyr.Cl/Mic-lam 
5,428,3935.6,3935.8,NMP ,  ,NMP ,  ,  ,  ,13.4,  ,  ,  ,  ,2.64,  ,A.A.C-lam.scs-Pyr. 
5,429,3935.7,3935.9,  ,  ,  ,  ,  ,  ,  ,  ,  ,  ,  ,  ,  , 
5,430,3935.8,3936,0.046,0.495,0.026,  ,  ,  ,4.9,  ,  ,  ,  ,2.63,  ,Sst.lrt-Gry/Gry.VF/F-gr.VW-cmt.W-srt.Silt.Cl/Mic-lam.Scs-C. 
5,431,3936,3936.2,8.06,0.572,6.65,  ,  ,  ,15.1,  ,  ,  ,  ,2.64,  ,A.A.F-gr.Sb-ang.decr-lam.incr-C. 
5,432,3936.2,3936.4,29.2,0.766,24.9,50.2,0.83,43.8,14.3,  ,  ,  ,  ,2.65,  ,A.A.VW/W-cmt.w/o-Silt. 
5,433,3936.55,3936.75,102,0.936,90.7,  ,  ,  ,14.5,  ,  ,  ,  ,2.6,  ,"A.A.Fis.w/o-Lam.decr-Cl,Mic.ltl-C. "
5,434,3936.71,3936.91,  ,  ,  ,  ,  ,  ,  ,  ,  ,  ,  ,  ,  , 
5,435,3936.8,3937,NPP ,  ,NPP ,  ,  ,  ,NPP ,  ,  ,  ,  ,NPP ,  ,NPP 
5,436,3937.05,3937.25,NMP ,  ,NMP ,  ,  ,  ,4.8,  ,  ,  ,  ,2.41,  ,"Sst.Blk.VF-gr.VW-cmt.W-srt.Frac.abd-C.ltl-Cl,Mic.Scs-Pyr. "
5,437,3937.3,3937.5,0.284,0.495,0.179,0.043,0.495,0.024,3.7,  ,  ,  ,  ,2.42,  ,A.A.Sb-ang.Scat-F-gr.w/o-Frac. 
5,438,3937.55,3937.75,6.18,0.54,5.05,  ,  ,  ,15,  ,  ,  ,  ,2.64,  ,"Sst.lt-Gry.VF/F-gr.Sb-ang.VW/W-cmt.W-srt.ltl-Cl,Mic.scs-C. "
5,439,3937.73,3937.93,  ,  ,  ,  ,  ,  ,  ,  ,  ,  ,  ,  ,  , 
5,440,3937.8,3938,68.2,0.88,59.9,  ,  ,  ,17.6,  ,  ,  ,  ,2.63,  ,A.A.F-gr.W-cmt.ltl-Mtrx. 
5,441,3938,3938.2,101,0.907,89.9,262,0.967,240,18.7,  ,  ,  ,  ,2.68,  ,"A.A.decr-Cl,Mic.w/o-C.scat-Pyr. "
5,442,3938.2,3938.4,4.43,0.495,3.58,1.3,0.495,0.898,14.2,  ,  ,  ,  ,2.66,  ,A.A.VF/F-gr.VW-cmt.scs-Pyr. 
5,443,3938.55,3938.75,50.6,0.855,43.9,  ,  ,  ,20.6,  ,  ,  ,  ,2.66,  ,A.A.W-cmt. 
5,444,3938.74,3938.94,  ,  ,  ,  ,  ,  ,  ,  ,  ,  ,  ,  ,  , 
5,445,3938.8,3939,41.5,0.808,35.9,  ,  ,  ,17.5,  ,  ,  ,  ,2.66,  ,A.A. 
5,446,3939.05,3939.25,39.9,0.83,34.3,  ,  ,  ,18.1,  ,  ,  ,  ,2.65,  ,A.A. 
5,447,3939.3,3939.5,10.5,0.647,8.59,52.5,0.855,45.7,24.4,  ,  ,  ,  ,2.66,  ,A.A.F-gr 
5,448,3939.55,3939.75,1.3,0.495,0.894,  ,  ,  ,14.8,  ,  ,  ,  ,2.65,  ,A.A.VF-gr.VW/W-cmt. 
5,449,3939.73,3939.93,  ,  ,  ,  ,  ,  ,  ,  ,  ,  ,  ,  ,  , 
5,450,3939.8,3940,0.684,0.595,0.455,  ,  ,  ,12.1,  ,  ,  ,  ,2.66,  ,"A.A.VF/F-gr.VW.cmt.incr-Cl,Mic. "
5,451,3940.05,3940.25,0.413,0.495,0.266,  ,  ,  ,7.9,  ,  ,  ,  ,2.65,  ,A.A.scat-M-gr.Cl/Mic-lam.incr-Pyr. 
5,452,3940.3,3940.5,96.8,0.907,86.1,2.06,0.495,1.55,18.5,  ,  ,  ,  ,2.64,  ,"A.A.F-gr.W-cmt.w/o-M-gr,lam,Pyr.decr-Cl,Mic.Scs-C. "
5,453,3940.55,3940.75,135,0.936,122,  ,  ,  ,12.6,  ,  ,  ,  ,2.66,  ,"Sst.lt-Gry.F/M-gr.Sb-ang.W-cmt.W-srt.Ltl-Cl,Mic.scs-Pyr. "
5,454,3940.7,3940.9,  ,  ,  ,  ,  ,  ,  ,  ,  ,  ,  ,  ,  , 
5,455,3940.8,3941,NPP ,  ,NPP ,  ,  ,  ,NPP ,  ,  ,  ,  ,NPP ,  ,NPP 
5,456,3941.05,3941.25,0.81,0.495,0.544,  ,  ,  ,9.8,  ,  ,  ,  ,2.65,  ,"Sst.lt-Gry.VF-gr..VW/W-cmt.W-srt.Fis.ltl-Mtrx,Cl,Mic.scs-Pyr"
5,457,3941.3,3941.5,0.774,0.495,0.519,1.87,0.495,1.32,10.1,  ,  ,  ,  ,2.65,  ,"A.A.VF/F-gr.ltl-Cl,Mic-lam. "
5,458,3941.55,3941.75,0.31,0.495,0.197,  ,  ,  ,8.7,  ,  ,  ,  ,2.65,  ,A.A.VW-cmt. 
5,459,3941.6,3941.8,  ,  ,  ,  ,  ,  ,  ,  ,  ,  ,  ,  ,  , 
5,460,3941.8,3942,0.384,0.495,0.246,  ,  ,  ,7.6,  ,  ,  ,  ,2.65,  ,Siltst.Gry.Consol.VW-cmt.Sd-gr.w/Cl.ltl-Mic.scs-C. 
5,461,3942,3942.2,4.77,0.495,3.88,  ,  ,  ,16.7,  ,  ,  ,  ,2.66,  ,Sst.lt-GryVF/.F-gr.Sb-ang.W-cmt.W-srt.Ltl-Cl.Mic.scs-Pyr. 
5,462,3942.2,3942.4,6.56,0.54,5.38,63.9,0.855,56.2,14.6,  ,  ,  ,  ,2.65,  ,A.A. 
5,463,3942.45,3942.65,6.24,0.495,5.18,  ,  ,  ,16.9,  ,  ,  ,  ,2.65,  ,A.A. 
5,464,3942.7,3942.9,  ,  ,  ,  ,  ,  ,  ,  ,  ,  ,  ,  ,  , 
5,465,3942.8,3943,NPP ,  ,NPP ,  ,  ,  ,NPP ,  ,  ,  ,  ,NPP ,  ,NPP 
5,466,3943.05,3943.25,NMP ,  ,NMP ,  ,  ,  ,NMP ,  ,  ,  ,  ,2.67,  ,Sltst.Gry.Consol.scat-F-gr.W-cmt.Frac.Ltl-Mic.Scs-C.scat-Pyr
5,467,3943.3,3943.5,  ,  ,  ,  ,  ,  ,  ,  ,  ,  ,  ,  ,  , 
5,468,3943.55,3943.75,NMP ,  ,NMP ,  ,  ,  ,5.9,  ,  ,  ,  ,2.65,  ,"Sst.Gry.VF/F-gr.Sb-ang.W-cmt.W-srt.Frac.w/Cl,Mic.scs-C,Pyr. "
5,469,3943.71,3943.91,  ,  ,  ,  ,  ,  ,  ,  ,  ,  ,  ,  ,  , 
5,470,3943.8,3944,1.17,0.495,0.805,  ,  ,  ,13.3,  ,  ,  ,  ,2.66,  ,"A.A.lt-Gry.F-gr.VW-cmt.w/o-Frac.ltl-Mtrx,Cl,Mic.w/o-C. "
5,471,3944,3944.2,8.65,0.572,7.17,  ,  ,  ,16.5,  ,  ,  ,  ,2.65,  ,"A.A.W-cmt.decr-Cl,Mic. "
5,472,3944.35,3944.55,2.3,0.495,1.75,5.59,0.495,4.61,14.7,  ,  ,  ,  ,2.64,  ,A.A.VF/F-gr.incr-Cl.w/o-Pyr. 
5,473,3944.6,3944.8,0.309,0.495,0.196,  ,  ,  ,4.7,  ,  ,  ,  ,2.65,  ,A.A.scat-M-gr.W/Fr-srt.Cl/Mic-lam.Scat-Pyr.scs-C. 
5,474,3944.8,3945,2.62,0.495,2.03,  ,  ,  ,10,  ,  ,  ,  ,2.66,  ,A.A.W-srt.w/o-M-gr.decr-Cl/Mic-lam. 
5,475,3945.05,3945.25,7.1,0.54,5.86,  ,  ,  ,13.8,  ,  ,  ,  ,2.65,  ,A.A. 
5,476,3945.35,3945.55,0.379,0.495,0.243,0.152,0.495,0.092,8.4,  ,  ,  ,  ,2.65,  ,"A.A.VW-cmt.w/o-Lam.Incr-Cl,Mic. "
5,477,3945.55,3945.75,0.874,0.495,0.59,  ,  ,  ,12.3,  ,  ,  ,  ,2.64,  ,"A.A.decr-Cl,Mic.scs-Pyr. "
5,478,3945.68,3945.88,  ,  ,  ,  ,  ,  ,  ,  ,  ,  ,  ,  ,  , 
5,479,3945.8,3946,2.4,0.495,1.84,  ,  ,  ,12.4,  ,  ,  ,  ,2.66,  ,A.A.F-gr.W-cmt.scat-Pyr. 
5,480,3946,3946.2,0.37,0.495,0.237,  ,  ,  ,9.7,  ,  ,  ,  ,2.63,  ,A.A.lt-Gry/Gry.VF-gr.VW-cmt.incr-C.w/o-Pyr. 
5,481,3946.2,3946.4,0.21,0.495,0.13,0.237,0.495,0.148,6.6,  ,  ,  ,  ,2.61,  ,A.A.ltl-C. 
5,482,3946.55,3946.75,2.96,0.495,2.32,  ,  ,  ,10.1,  ,  ,  ,  ,2.61,  ,A.A.Frac.scat-Pyr. 
5,483,3946.65,3946.85,  ,  ,  ,  ,  ,  ,  ,  ,  ,  ,  ,  ,  , 
5,484,3946.8,3947,2.95,0.495,2.31,  ,  ,  ,10.5,  ,  ,  ,  ,2.63,  ,"Sst.Gry.VF/F-gr.Sb-ang.W-cmt.W-srt.w/Cl.ltl-Mtrx,C,Mic. "
5,485,3947.05,3947.25,0.333,0.495,0.212,  ,  ,  ,10.2,  ,  ,  ,  ,2.63,  ,A.A.VW-cmt.Silt.Incr-C.Scat-Pyr. 
5,486,3947.3,3947.5,0.239,0.495,0.149,0.299,0.495,0.189,13.3,  ,  ,  ,  ,2.65,  ,A.A. 
5,487,3947.55,3947.75,85.8,0.907,75.9,  ,  ,  ,17.5,  ,  ,  ,  ,2.65,  ,A.A.lt-Gry.W-cmt.scast-M-gr.Fis.ltl-Cl.Scs-C.decr-Pyr. 
5,488,3947.67,3947.87,  ,  ,  ,  ,  ,  ,  ,  ,  ,  ,  ,  ,  , 
5,489,3947.8,3948,191,0.967,174,  ,  ,  ,14.9,  ,  ,  ,  ,2.69,  ,A.A.F-gr.w/o-M-gr.Pbl.incr-Pyr. 
5,490,3948,3948.2,74.5,0.88,65.7,  ,  ,  ,17.5,  ,  ,  ,  ,2.66,  ,"A.A.w/o-Pbl,Fis.scs-Pyr. "
5,491,3948.2,3948.4,98,0.907,87.2,10.6,0.595,8.85,18.4,  ,  ,  ,  ,2.66,  ,"A.A.incr-C,Pyr. "
5,492,3948.55,3948.75,11.5,0.595,9.67,  ,  ,  ,15.4,  ,  ,  ,  ,2.67,  ,A.A.VF/F-gr.Cl/Mic-lam. 
5,493,3948.66,3948.86,  ,  ,  ,  ,  ,  ,  ,  ,  ,  ,  ,  ,  , 
5,494,3948.8,3949,243,0.951,223,  ,  ,  ,19.9,  ,  ,  ,  ,2.65,  ,A.A.F-gr.Pbl. 
5,495,3949,3949.2,342,0.967,317,  ,  ,  ,21.9,  ,  ,  ,  ,2.66,  ,A:A:w/o-Pbl.decr-C. 
5,496,3949.3,3949.5,394,0.97,366,206,0.967,188,20.2,  ,  ,  ,  ,2.64,  ,A.A.W/Fr-cmt.Ltl-C. 
5,497,3949.55,3949.75,133,0.936,119,  ,  ,  ,19.2,  ,  ,  ,  ,2.66,  ,"A.A.W-cmt.w/o-Lam,C,Pyr.decr-Cl,Mic. "
5,498,3949.65,3949.85,63.7,0.855,56,  ,  ,  ,19.8,  ,  ,  ,  ,2.65,  ,A.A.scs-Pyr. 
5,499,3949.7,3949.9,  ,  ,  ,  ,  ,  ,  ,  ,  ,  ,  ,  ,  , 
5,500,3950.1,3950.3,0.134,0.495,0.081,  ,  ,  ,5.6,  ,  ,  ,  ,2.73,  ,"Sst.lt-Gry.VF-gr.Sb-ang.VW-cmt.W-srt.w/Calc.ltl-Cl,Mic.Scs-C"
5,501,3950.3,3950.5,0.277,0.495,0.174,0.048,0.495,0.027,4.6,  ,  ,  ,  ,2.72,  ,"A.A.decr-Calc,Cl/Mic-lam.scs-Pyr. "
5,502,3950.55,3950.75,0.309,0.495,0.196,  ,  ,  ,4.4,  ,  ,  ,  ,2.71,  ,A.A.scat-M/Crs-gr.decr-Cl/Mic-lam.scat-Pyr. 
5,503,3950.62,3950.82,  ,  ,  ,  ,  ,  ,  ,  ,  ,  ,  ,  ,  , 
5,504,3950.8,3951,2.43,0.495,1.86,  ,  ,  ,7.7,  ,  ,  ,  ,2.68,  ,A.A.w/o-Lam.ltl-C.scs-Pyr. 
5,505,3951.05,3951.25,NMP ,  ,NMP ,  ,  ,  ,20.3,  ,  ,  ,  ,2.58,  ,"Sst.lt-Gry.F/M-gr.Fr-cmt.W/Fr-srt.Frac.C-lam.ltl-Mtrx,Cl,Mic"
5,506,3951.3,3951.5,1240,0.99,1190,210,0.951,192,20.7,  ,  ,  ,  ,2.63,  ,"A.A.F-gr.Sb-ang.W-srt.w/o-Frac,C.decr-Mtrx,Cl,Mic. "
5,507,3951.55,3951.75,667,0.983,628,  ,  ,  ,17.5,  ,  ,  ,  ,2.65,  ,"A.A.VF/F/M-gr.W-cmt.Fr-srt.Cl/Mic-lam.scs-C,Pyr. "
5,508,3951.7,3951.9,  ,  ,  ,  ,  ,  ,  ,  ,  ,  ,  ,  ,  , 
5,509,3951.8,3952,76.7,0.907,67.5,  ,  ,  ,20,  ,  ,  ,  ,2.66,  ,A.A.VF/F-gr.W-srt.w/o-Lam. 
5,510,3952,3952.2,6.38,0.512,5.28,  ,  ,  ,10.3,  ,  ,  ,  ,2.64,  ,A.A.F/M-gr.VW/W-cmt.W/Fr-srt.C/Cl/Mic-lam.scat-Pyr. 
5,511,3952.2,3952.4,170,0.936,154,0.885,0.495,0.597,20.3,  ,  ,  ,  ,2.63,  ,"A.A.F-gr.W-cmt.W-srt.w/o-Cl/Mic-lam.Ltl-Cl,Mic.decr-Pyr. "
5,512,3952.55,3952.75,605,0.98,569,  ,  ,  ,20.7,  ,  ,  ,  ,2.66,  ,"A.A.w/o-C-lam.decr-Cl,Mic.scs-Pyr. "
5,513,3952.69,3952.89,  ,  ,  ,  ,  ,  ,  ,  ,  ,  ,  ,  ,  , 
5,514,3952.8,3953,58.9,0.855,51.6,  ,  ,  ,17.5,  ,  ,  ,  ,2.66,  ,"Sst.lt-Gry.F-gr.Sb-ang.W-cmt.W-srt.Cl/Mic-lam.scs-Mtrx,C. "
5,515,3953.05,3953.25,627,0.981,589,  ,  ,  ,16.8,  ,  ,  ,  ,2.7,  ,"A.A.F/M-gr.w/o-Lam.decr-Cl,Mic.scat-Pyr. "
5,516,3953.3,3953.5,33.2,0.854,28.1,  ,  ,  ,25.7,  ,  ,  ,  ,2.64,  ,A.A.F-gr.Ltl-Pyr. 
5,517,3953.55,3953.75,3.72,0.495,2.97,  ,  ,  ,12.6,  ,  ,  ,  ,2.65,  ,A.A.VF/F-gr.VW/W-cmt..Cl/Mic-lam.Scs-Pyr. 
5,518,3953.8,3954,243,0.967,222,  ,  ,  ,18,  ,  ,  ,  ,2.65,  ,"A.A-F-gr.w/o-Lam,C,Pyr.scs-Cl,Mic. "
5,519,3954,3954.2,145,0.936,130,  ,  ,  ,19,  ,  ,  ,  ,2.64,  ,"A.A.Ltl-Cl,Mic. "
5,520,3954.3,3954.5,355,0.968,329,516,0.977,483,18,  ,  ,  ,  ,2.64,  ,A.A.scs-C. 
5,521,3954.55,3954.75,847,0.985,802,  ,  ,  ,20.1,  ,  ,  ,  ,2.64,  ,"A.A.W-cmt.decr-Cl,Mic. "
5,522,3954.8,3955,949,0.987,900,  ,  ,  ,22.6,  ,  ,  ,  ,2.65,  ,A.A.scat-M-gr.Scs-Pyr. 
5,523,3955.05,3955.25,NMP ,  ,NMP ,  ,  ,  ,21.3,  ,  ,  ,  ,2.6,  ,"A.A.Frac.w/o-scat-M-gr,Pyr.ltl-C "
5,524,3955.3,3955.5,NMP ,  ,NMP ,21.6,0.71,18.3,21.4,  ,  ,  ,  ,2.63,  ,A.A.decr-C. 
5,525,3955.55,3955.75,787,0.985,744,  ,  ,  ,21.3,  ,  ,  ,  ,2.63,  ,A.A.F/M-gr.w/o-Frac. 
5,526,3956.05,3956.25,496,0.976,464,  ,  ,  ,20.9,  ,  ,  ,  ,2.64,  ,"A.A.F-gr.scs-C,Cl,Mic. "
5,527,3956.25,3956.45,378,0.979,351,354,0.967,328,19.2,  ,  ,  ,  ,2.64,  ,A.A. 
5,528,3956.55,3956.75,678,0.981,639,  ,  ,  ,19.9,  ,  ,  ,  ,2.64,  ,A.A. 
5,529,3956.66,3956.86,  ,  ,  ,  ,  ,  ,  ,  ,  ,  ,  ,  ,  , 
5,530,3956.8,3957,568,0.978,533,  ,  ,  ,22.1,  ,  ,  ,  ,2.64,  ,A.A.incr-Cl. 
5,531,3957.05,3957.25,NMP ,  ,NMP ,  ,  ,  ,6.4,  ,  ,  ,  ,2.66,  ,"Sst.VF/F-gr.Sb-ang.VW-cmt.W-srt.Frac.Ltl-Mtrx,Cl,Mic.scs-Pyr"
5,532,3957.3,3957.5,59.5,0.855,52,21.9,0.71,18.6,18.5,  ,  ,  ,  ,2.64,  ," A.A.lt-Gry.F-gr.w/o-Frac,Pyr.scs-C. "
5,533,3957.55,3957.75,0.311,0.495,0.197,  ,  ,  ,9.5,  ,  ,  ,  ,2.67,  ,"A.A.VF-gr.Silt.incr-Cl,Mic.scat-Pyr. "
5,534,3957.8,3958,2.98,0.495,2.33,  ,  ,  ,13.6,  ,  ,  ,  ,2.65,  ,A.A.VF/F-gr.decr-silt.incr-C. 
5,535,3958,3958.2,799,0.985,755,  ,  ,  ,19.7,  ,  ,  ,  ,2.64,  ,"A.A.-F-gr.W-cmt.w/o-Mtrx,Silt,C,Pyr.scs-.Cl.Mic. "
5,536,3958.3,3958.5,67.7,0.88,59.5,75.3,0.88,66.5,17.9,  ,  ,  ,  ,2.64,  ,A.A.VW/W-cmt.Cl/Mic-lam.scat-C. 
5,537,3958.55,3958.75,7.46,0.54,6.17,  ,  ,  ,12.2,  ,  ,  ,  ,2.74,  ,A.A.scat-M-gr.ltl-Pyr.decr-C. 
5,538,3958.67,3958.87,  ,  ,  ,  ,  ,  ,  ,  ,  ,  ,  ,  ,  , 
5,539,3958.8,3959,64.6,0.855,56.8,  ,  ,  ,20.7,  ,  ,  ,  ,2.65,  ,"Sst.lt-Gry.F-gr.Sb-ang.W-cmt.W-srt.ltl-Mtrx,Cl,Mic.scs-C. "
5,540,3959.05,3959.25,1580,0.992,1510,  ,  ,  ,19.5,  ,  ,  ,  ,2.66,  ,"A.A.w/o-Mtrx,C.Scs-Cl,Mic. "
5,541,3959.3,3959.5,146,0.936,132,  ,  ,  ,19.4,  ,  ,  ,  ,2.64,  ,"A.A.ltl-Cl.scs-C,Pyr. "
5,542,3959.55,3959.75,232,0.969,212,  ,  ,  ,19.6,  ,  ,  ,  ,2.64,  ,A.A. 
5,543,3959.7,3959.9,  ,  ,  ,  ,  ,  ,  ,  ,  ,  ,  ,  ,  , 
5,544,3959.8,3960,4.34,0.495,3.51,  ,  ,  ,18,  ,  ,  ,  ,2.79,  ,"A.A.VW/W-cmt.ltl-Mtrx,Mic,Pyrw/o-C.. "
5,545,3960,3960.2,0.224,0.495,0.139,  ,  ,  ,8.1,  ,  ,  ,  ,2.65,  ,"A.A.VF/F-gr.VW-cmt.incr-Cl,Mic.w/o-Pyr. "
5,546,3960.2,3960.4,NMP ,  ,NMP ,0.079,0.495,0.046,6.7,  ,  ,  ,  ,2.65,  ,A.A.Frac.Silt.Cl/Mic-lam.Scat-Pyr. 
5,547,3960.55,3960.75,0.155,0.495,0.094,  ,  ,  ,9.9,  ,  ,  ,  ,2.64,  ,"A.A.VF-gr.w/o-Frac,Lam.w/Cl.ltl-Mic.scs-Pyr. "
5,548,3960.69,3960.89,  ,  ,  ,  ,  ,  ,  ,  ,  ,  ,  ,  ,  , 
5,549,3960.8,3961,0.159,0.495,0.097,  ,  ,  ,10.5,  ,  ,  ,  ,2.68,  ,A.A.VF/F-gr.decr-Silt.ltl-Cl.scat-Pyr. 
5,550,3961.05,3961.25,35.3,0.786,30.4,  ,  ,  ,18.2,  ,  ,  ,  ,2.66,  ,"A.A.F-gr.W-cmt.w/o-Silt.decr-Cl,Mic,Pyr. "
5,551,3961.35,3961.55,68.2,0.88,59.9,62.7,0.855,55,21.2,  ,  ,  ,  ,2.64,  ,A.A.Fis.w/o-Pyr. 
5,552,3961.55,3961.75,1.86,0.495,1.31,  ,  ,  ,12.6,  ,  ,  ,  ,2.66,  ,A.A.VF/F-gr.VW/W-cmt.Cl/Mic-lam.Scs-Pyr. 
5,553,3961.8,3962,146,0.936,132,  ,  ,  ,22.2,  ,  ,  ,  ,2.64,  ,A.A.F-gr.W-cmt.w/o-lam. 
5,554,3962.05,3962.25,36.4,0.786,31.4,  ,  ,  ,19.4,  ,  ,  ,  ,2.65,  ,A.A.VW/W-cmt. 
5,555,3962.3,3962.5,8.92,0.561,7.43,161,0.936,146,17.2,  ,  ,  ,  ,2.65,  ,"A.A.VW-cmt.incr-Cl,Mic. "
6,556,3963,3963,45.5,0.83,39.4,  ,  ,  ,21.9,  ,  ,  ,  ,2.64,  ,"A.A.W-cmt.decr-Cl,Mic. "
6,557,3963.25,3963.25,7.79,0.54,6.47,  ,  ,  ,17.6,  ,  ,  ,  ,2.64,  ,A.A.VF/F-gr.VW-cmt.Lam. 
6,558,3963.54,3963.54,  ,  ,  ,  ,  ,  ,  ,  ,  ,  ,  ,  ,  , 
6,559,3963.6,3963.6,122,0.936,110,108,0.907,96.3,22.8,  ,  ,  ,  ,2.7,  ,"Sst.lt-Gry.F-gr.W-cmt.W-srt.ltl-Mtrx,Cl,Mic.scat-Pyr.scs-C. "
6,560,3963.85,3963.85,0.162,0.495,0.099,  ,  ,  ,9.5,  ,  ,  ,  ,2.64,  ,"A.A.VF/F-gr.Sb-ang.VW-cmt.incr-Cl,Mic.scs-Pyr. "
6,561,3964,3964,0.521,0.495,0.341,  ,  ,  ,10,  ,  ,  ,  ,2.64,  ,A.A.Silt.w/o-Pyr. 
6,562,3964.25,3964.25,NMP ,  ,NMP ,  ,  ,  ,19.4,  ,  ,  ,  ,2.66,  ,A.A.Frac.Scs-Pyr. 
6,563,3964.5,3964.5,0.126,0.495,0.076,0.116,0.495,0.069,8.3,  ,  ,  ,  ,2.66,  ,A.Aw/o-Frac.decr-C. 
6,564,3964.57,3964.57,  ,  ,  ,  ,  ,  ,  ,  ,  ,  ,  ,  ,  , 
6,565,3964.8,3964.8,0.319,0.495,0.202,  ,  ,  ,9.7,  ,  ,  ,  ,2.65,  ,A.A. 
6,566,3965,3965,1.52,0.495,1.06,  ,  ,  ,14.5,  ,  ,  ,  ,2.65,  ,"A.A.w/o-Silt,C,Pyr. "
6,567,3965.25,3965.25,2.17,0.495,1.64,  ,  ,  ,14.5,  ,  ,  ,  ,2.65,  ,"A.A.scs-C,Pyr. "
6,568,3965.5,3965.5,15.7,0.662,13.2,1.48,0.495,1.03,15.8,  ,  ,  ,  ,2.72,  ,A.A.F-g..W-cmt.ltl-Silt.Cl/Mic-lam.Scat-Pyr. 
6,569,3965.59,3965.59,  ,  ,  ,  ,  ,  ,  ,  ,  ,  ,  ,  ,  , 
6,570,3965.8,3965.8,32.5,0.766,28,  ,  ,  ,15.7,  ,  ,  ,  ,2.64,  ,"A.A.decr-Silt,Cl/Mic-lam.incr-C.w/o-Pyr. "
6,571,3966,3966,NMP ,  ,NMP ,  ,  ,  ,11.3,  ,  ,  ,  ,2.63,  ,"A.A.Frac.C,Cl,Mic-lam. "
6,572,3966.2,3966.2,35.1,0.786,30.2,  ,  ,  ,16.7,  ,  ,  ,  ,2.65,  ,"A.A.F-gr.w/o-Frac,C-lam.Scs-C,Pyr. "
6,573,3966.5,3966.5,0.365,0.495,0.233,0.176,0.495,0.108,13,  ,  ,  ,  ,2.65,  ,"A.A.VF/F-gr.VW/W-cmt.decr-Cl,Mic-lam. "
6,574,3966.64,3966.64,  ,  ,  ,  ,  ,  ,  ,  ,  ,  ,  ,  ,  ,  
6,575,3966.75,3966.75,2.11,0.495,1.59,  ,  ,  ,14.8,  ,  ,  ,  ,2.63,  ,"Sst.lt-Gry.VF/F-gr.VW/W-cmt.W-srt.ltl-Mtrx,Cl,Mic.scs-C. "
6,576,3967,3967,602,0.981,566,  ,  ,  ,22.6,  ,  ,  ,  ,2.65,  ,A.A. 
6,577,3967.3,3967.3,31.7,0.766,27.2,  ,  ,  ,17,  ,  ,  ,  ,2.65,  ,A.A. 
6,578,3967.5,3967.5,549,0.979,514,19.4,0.71,16.4,20.2,  ,  ,  ,  ,2.67,  ,A.A. 
6,579,3967.64,3967.64,  ,  ,  ,  ,  ,  ,  ,  ,  ,  ,  ,  ,  ,  
6,580,3967.75,3967.75,0.165,0.495,0.1,  ,  ,  ,3.8,  ,  ,  ,  ,2.75,  ,A.A. 
6,581,3968,3968,0.08,0.495,0.047,  ,  ,  ,4.7,  ,  ,  ,  ,2.79,  ,A.A. 
6,582,3968.35,3968.35,6.17,0.728,4.71,  ,  ,  ,14.5,  ,  ,  ,  ,2.65,  ,A.A. 
6,583,3968.5,3968.5,2.31,0.495,1.76,1.58,0.495,1.1,15,  ,  ,  ,  ,2.65,  ,A.A. 
6,584,3968.61,3968.61,  ,  ,  ,  ,  ,  ,  ,  ,  ,  ,  ,  ,  ,  
6,585,3968.7,3968.7,10.3,0.595,8.59,  ,  ,  ,14.8,  ,  ,  ,  ,2.64,  ,A.A.Cl/Mic-lam.scat-Pyr 
6,586,3969,3969,998,0.987,948,  ,  ,  ,19.3,  ,  ,  ,  ,2.66,  ,"A.A.M-gr.W-cmt.w/o-Pyr,Cl/Mic-lam.ltl-Cl.scs-Mic. "
6,587,3969.25,3969.25,958,0.988,909,  ,  ,  ,22.2,  ,  ,  ,  ,2.66,  ,A.A.decr-Cl.scs-Pyr 
6,588,3969.5,3969.5,65.6,0.855,57.8,27.3,0.746,23.3,15.2,  ,  ,  ,  ,2.66,  ,"A.A.F/M-gr.W/Fr-srt.ltl-Mtrx,Mic.scat-Pyr. "
6,589,3969.58,3969.58,  ,  ,  ,  ,  ,  ,  ,  ,  ,  ,  ,  ,  , 
6,590,3969.75,3969.75,77.8,0.88,68.8,  ,  ,  ,17.1,  ,  ,  ,  ,2.64,  ,A.A.W-srt.incr-Cl.scs-Pyr. 
6,591,3970,3970,8.7,0.595,7.16,  ,  ,  ,13.9,  ,  ,  ,  ,2.67,  ,A.A.F-gr.VW-cmt.decr-Cl.scat-Pyr. 
6,592,3970.25,3970.25,0.066,0.495,0.038,  ,  ,  ,5.2,  ,  ,  ,  ,2.73,  ,A.A.VF/F-gr.ltl-Calc.incr-Pyr 
6,593,3970.5,3970.5,0.04,0.495,0.022,0.067,0.495,0.038,3.3,  ,  ,  ,  ,2.76,  ,A.A.w/Calc.ltl-Pyr. 
6,594,3970.62,3970.62,  ,  ,  ,  ,  ,  ,  ,  ,  ,  ,  ,  ,  , 
6,595,3970.7,3970.7,0.037,0.495,0.021,  ,  ,  ,2.9,  ,  ,  ,  ,2.76,  ,A.A. 
6,596,3971,3971,29.7,0.766,25.5,  ,  ,  ,16.1,  ,  ,  ,  ,2.66,  ,"Sst.lt-Gry.F-gr.VW/W-cmt.W-srt.ltl-Mtrx,Calc,Cl,Mic.scs-Pyr."
6,597,3971.25,3971.25,94.5,0.907,84,  ,  ,  ,17.6,  ,  ,  ,  ,2.66,  ,"A.A.Sb-ang.W-cmt.decr-Mtrx,Mic. "
6,598,3971.5,3971.5,1.67,0.495,1.17,15.8,0.662,13.3,15.2,  ,  ,  ,  ,2.65,  ,A.A.VF/F-gr.VW-cmt. 
6,599,3971.62,3971.62,  ,  ,  ,  ,  ,  ,  ,  ,  ,  ,  ,  ,  , 
6,600,3971.75,3971.75,2.93,0.495,2.29,  ,  ,  ,17.9,  ,  ,  ,  ,2.66,  ,A.A.scat-Pyr. 
6,601,3972,3972,1.77,0.495,1.25,  ,  ,  ,14.3,  ,  ,  ,  ,2.64,  ,A.A.VF-gr.decr-Pyr.incr-Cl.scs-C. 
6,602,3972.25,3972.25,0.99,0.495,0.673,  ,  ,  ,12.9,  ,  ,  ,  ,2.73,  ,A.A.VF/F-gr.incr-Mtrx.ltl-Sid. 
6,603,3972.37,3972.37,  ,  ,  ,  ,  ,  ,  ,  ,  ,  ,  ,  ,  , 
6,604,3972.5,3972.5,4.23,0.495,3.41,0.159,0.495,0.097,14.8,  ,  ,  ,  ,2.65,  ,"A.A.decr-Mtrx.incr-Mic.w/o-C,Sid.scs-Pyr. "
6,605,3972.8,3972.8,3.76,0.495,3,  ,  ,  ,16.3,  ,  ,  ,  ,2.64,  ,A.A.VF-gr. 
6,606,3973,3973,0.863,0.495,0.582,  ,  ,  ,12.6,  ,  ,  ,  ,2.64,  ,A.A. 
6,607,3973.25,3973.25,161,0.936,146,  ,  ,  ,22.7,  ,  ,  ,  ,2.65,  ,A.A.F-gr.W-cmt. 
6,608,3973.35,3973.35,  ,  ,  ,  ,  ,  ,  ,  ,  ,  ,  ,  ,  , 
6,609,3973.5,3973.5,46.2,0.83,40.1,41.6,0.808,36,20.3,  ,  ,  ,  ,2.64,  ,"Sst.lt-Gry.VF/F-gr.Sb-ang.VW/W-cmt.W-srt.ltl-Mtrx,Cl,Mic. "
6,610,3973.75,3973.75,15.6,0.746,12.9,  ,  ,  ,25,  ,  ,  ,  ,2.64,  ,A.A. 
6,611,3974,3974,3.69,0.495,2.94,  ,  ,  ,13.7,  ,  ,  ,  ,2.66,  ,"A.A.incr-Cl,Mic.scat-Pyr.scs-C. "
6,612,3974.25,3974.25,30.9,0.766,26.5,  ,  ,  ,11.5,  ,  ,  ,  ,2.71,  ,"A.A.F-gr.ltl-Calc.decr-C,Pyr. "
6,613,3974.32,3974.32,  ,  ,  ,  ,  ,  ,  ,  ,  ,  ,  ,  ,  , 
6,614,3974.6,3974.6,136,0.936,123,  ,  ,  ,14.8,  ,  ,  ,  ,2.68,  ,"A.A.W-cmt.decr-Calc,Cl,Mic. "
6,615,3974.8,3974.8,202,0.967,184,  ,  ,  ,15.7,  ,  ,  ,  ,2.68,  ,A.A. 
6,616,3975,3975,165,0.936,150,  ,  ,  ,17.2,  ,  ,  ,  ,2.67,  ,A.A. 
6,617,3975.25,3975.25,131,0.936,118,8.61,0.572,7.13,16,  ,  ,  ,  ,2.65,  ,A.A.VF/F/M-gr.Fr-srt.w/o-Calc. 
6,618,3975.35,3975.35,  ,  ,  ,  ,  ,  ,  ,  ,  ,  ,  ,  ,  , 
6,619,3975.5,3975.5,213,0.967,194,67.7,0.88,59.4,16.8,  ,  ,  ,  ,2.65,  ,"Sst.lt-Gry.VF/F/M-gr.Sb-ang.W-cmt.Fr-srt.Pbl.ltl-Mtrx,Cl,Mic"
6,620,3975.75,3975.75,222,0.967,203,  ,  ,  ,15.5,  ,  ,  ,  ,2.66,  ,"A.A.w/o-Pbl.scs-Calc,Pyr. "
6,621,3976.05,3976.05,238,0.967,218,  ,  ,  ,16.9,  ,  ,  ,  ,2.64,  ,A.A.w/o-Calc.scs-C. 
6,622,3976.3,3976.3,NMP ,  ,NMP ,  ,  ,  ,5.9,  ,  ,  ,  ,2.83,  ,"Lmst.Gry.Consol.VW-cmt.Sd-gr.Frac.w/Sid,Cl.Ltl-Mic. "
6,623,3976.4,3976.4,  ,  ,  ,  ,  ,  ,  ,  ,  ,  ,  ,  ,  , 
6,624,3976.8,3976.8,0.11,0.495,0.066,  ,  ,  ,5.2,  ,  ,  ,  ,2.69,  ,Sst.lt-Gry.VF-gr.Sb-ang.VW-cmt.W-srt.Silt.Cl/Mic-lam.scs-Sid
6,625,3977,3977,0.06,0.495,0.035,  ,  ,  ,6.2,  ,  ,  ,  ,2.66,  ,A.A.decr-Lam.incr-Mic.w/o-Sid. 
6,626,3977.25,3977.25,0.065,0.495,0.038,  ,  ,  ,8.4,  ,  ,  ,  ,2.65,  ,"A.A.decr-Cl,Mic. "
6,627,3977.5,3977.5,84.5,0.88,75,202,0.951,185,19.1,  ,  ,  ,  ,2.64,  ,A.A.F-gr.W-cmt.decr-Silt.ltl-Mtrx.w/o-Lam.w/Cl.scs-Pyr. 
6,628,3977.7,3977.7,1410,0.991,1340,  ,  ,  ,22.8,  ,  ,  ,  ,2.64,  ,"A.A.F/M-gr.W/Fr-cmt.w/o-Silt,Pyr.decr-Mtrx.scs-Cl,Mic. "
6,629,3978.3,3978.3,4.74,0.495,3.86,  ,  ,  ,13.2,  ,  ,  ,  ,2.65,  ,"A.A.VF/F-gr.VW-cmt.Ltl-Cl,Mic.scat-Pyr. "
6,630,3978.45,3978.45,0.122,0.495,0.073,0.223,0.495,0.139,9.2,  ,  ,  ,  ,2.64,  ,A.A.scs-Pyr. 
6,631,3978.75,3978.75,0.193,0.495,0.119,  ,  ,  ,10.3,  ,  ,  ,  ,2.63,  ,A.A. 
6,632,3979,3979,304,0.967,281,  ,  ,  ,21.9,  ,  ,  ,  ,2.63,  ,"A.A.F-gr.W-cmt.decr-Cl,Mic.w/o-Pyr. "
6,633,3979.3,3979.3,10.7,0.595,8.9,  ,  ,  ,17.3,  ,  ,  ,  ,2.62,  ,A.A.VF-gr.VW/W-cmt.scs-C 
6,634,3979.55,3979.55,1.26,0.495,0.866,0.777,0.595,0.521,14.3,  ,  ,  ,  ,2.64,  ,A.A.VF/F-gr.VW-cmt.Cl/Mic-lam. 
6,635,3979.8,3979.8,58.1,0.855,50.8,  ,  ,  ,17.8,  ,  ,  ,  ,2.63,  ,A.A.F/M-gr.W-cmt.w/o-Lam. 
6,636,3980.05,3980.05,2.7,0.495,2.09,  ,  ,  ,4.6,  ,  ,  ,  ,2.76,  ,"A.A.F-gr.VW-cmt.w/Calc,Cl.scs-Sid.w/o-C. "
6,637,3980.15,3980.15,  ,  ,  ,  ,  ,  ,  ,  ,  ,  ,  ,  ,  , 
6,638,3980.23,3980.23,1.2,0.495,0.824,  ,  ,  ,13.6,  ,  ,  ,  ,2.66,  ,"Sst.lt-Gry.VF/F-gr.VW/W-cmt.W-srt.ltl-Mtrx,Cl,Mic.scs-C,Pyr."
6,639,3980.27,3980.27,55.3,0.855,48.3,  ,  ,  ,20.9,  ,  ,  ,  ,2.67,  ,"A.A.F-gr.Sb-ang.W-cmt.decr-Mtrx,Cl,Mic.w/o-C. "
6,640,3980.32,3980.32,  ,  ,  ,  ,  ,  ,  ,  ,  ,  ,  ,  ,  , 
6,641,3980.4,3980.4,99.6,0.907,88.7,163,0.936,147,21.6,  ,  ,  ,  ,2.64,  ,"A.A.Fr-cmt.incr-Mtrx,Cl,Mic.w/o-Pyr. "
6,642,3980.8,3980.8,537,0.978,504,  ,  ,  ,20.3,  ,  ,  ,  ,2.64,  ,A.A.M-gr. 
6,643,3981.1,3981.1,0.071,0.495,0.041,  ,  ,  ,4.8,  ,  ,  ,  ,2.64,  ,A.A.VF-gr.scat-Pbl-gr.VW-cmt.W/Fr-srt.decr-Mtrx. 
6,644,3981.3,3981.3,1.26,0.495,0.868,  ,  ,  ,12.9,  ,  ,  ,  ,2.63,  ,A.A.VF/F-gr.VW/W-cmt.W-srt.w/o-Pbl. 
6,645,3981.5,3981.5,8.7,0.561,7.23,4.82,0.495,3.93,18.4,  ,  ,  ,  ,2.62,  ,"Sst.lt-Gry.F-gr.Sb-ang.W-cmt.W-srt.ltl-Mtrx,Cl,Mic.Scs-C. "
6,646,3981.7,3981.7,2.31,0.495,1.76,  ,  ,  ,17.8,  ,  ,  ,  ,2.63,  ,A.A.scs-Pyr. 
6,647,3982.35,3982.35,105,0.907,94,47.2,0.83,41,21.2,  ,  ,  ,  ,2.64,  ,"A.A.W/Fr-cmt.w/o-C,Pyr. "
6,648,3982.75,3982.75,73.3,0.88,64.6,  ,  ,  ,19.8,  ,  ,  ,  ,2.65,  ,A.A. 
6,649,3983,3983,9.85,0.572,8.23,  ,  ,  ,13,  ,  ,  ,  ,2.68,  ,A.A.VW/W-cmt.Ltl-Calc. 
6,650,3983.25,3983.25,0.228,0.495,0.142,  ,  ,  ,5.1,  ,  ,  ,  ,2.71,  ,A.A.VW-cmt.Scat-Pyr. 
6,651,3983.39,3983.39,  ,  ,  ,  ,  ,  ,  ,  ,  ,  ,  ,  ,  , 
6,652,3983.5,3983.5,NMP ,  ,NMP ,0.041,0.495,0.023,6.4,  ,  ,  ,  ,2.69,  ,A.A.lt-Gry/GryVF-gr.Frac.C/Cl/Mic-lam.scs-Sid.w/o-Calc. 
6,653,3983.75,3983.75,0.38,0.495,0.244,  ,  ,  ,6.2,  ,  ,  ,  ,2.72,  ,"A.A.lt-Gry.VF/F-gr.w/o-Frac,Lam,C,Sid.ltl-Calc,Cl,Mic. "
6,654,3984.15,3984.15,0.583,0.495,0.384,  ,  ,  ,7.7,  ,  ,  ,  ,2.7,  ,A.A.Pbl.scs-C. 
6,655,3984.3,3984.3,8.99,0.572,7.46,  ,  ,  ,12.6,  ,  ,  ,  ,2.68,  ,"A.A.F-gr.w/o-Pbl.decr-Calc,Cl,Mic.scs-Pyr. "
6,656,3984.5,3984.5,0.462,0.495,0.3,0.03,0.495,0.017,4.2,  ,  ,  ,  ,2.69,  ,"A.A.Gry.VF-gr.Silt.w/o-Mtrx,Calc,C,Pyr.Cl/Mic-lam.scs-Sid. "
6,657,3984.8,3984.8,231,0.967,211,  ,  ,  ,16.9,  ,  ,  ,  ,2.66,  ,"A.A.lt-Gry.F-gr.W-cmt.w/o-Silt,Lam,Sid.ltl-MtrCl,Mic.Scs-Pyr"
6,658,3985,3985,75.5,0.88,66.6,  ,  ,  ,14,  ,  ,  ,  ,2.7,  ,"A.A.VW/W-cmt.Pbl.decr-Mtrx,Mic.w/o-Pyr.ltl-Calc. "
6,659,3985.25,3985.25,3.94,0.495,3.16,  ,  ,  ,7.8,  ,  ,  ,  ,2.71,  ,A.A.VW-cmt.w/o-Pbl.decr-Cl. 
6,660,3985.35,3985.35,  ,  ,  ,  ,  ,  ,  ,  ,  ,  ,  ,  ,  , 
6,661,3985.6,3985.6,1.12,0.495,0.77,0.537,0.495,0.352,8.9,  ,  ,  ,  ,2.67,  ,A.A.VF/F-gr.decr-Calc. 
6,662,3985.8,3985.8,2.29,0.495,1.75,  ,  ,  ,16,  ,  ,  ,  ,2.66,  ,A.A.F-gr 
6,663,3986,3986,2.22,0.495,1.69,  ,  ,  ,10.7,  ,  ,  ,  ,2.68,  ,A.A.scs-Pyr. 
6,664,3986.25,3986.25,3.2,0.495,2.52,  ,  ,  ,10.6,  ,  ,  ,  ,2.68,  ,A.A.w/o-Pyr. 
6,665,3986.33,3986.33,  ,  ,  ,  ,  ,  ,  ,  ,  ,  ,  ,  ,  , 
6,666,3986.5,3986.5,1.3,0.495,0.901,0.327,0.495,0.208,7.5,  ,  ,  ,  ,2.71,  ,A.A.scat-M-gr. 
6,667,3986.8,3986.8,1.68,0.495,1.18,  ,  ,  ,12,  ,  ,  ,  ,2.71,  ,A.A.Incr-Cl 
6,668,3987,3987,0.364,0.495,0.233,  ,  ,  ,5.9,  ,  ,  ,  ,2.73,  ,A.A.Fr-srt.Pbl.Incr-Calc. 
6,669,3987.25,3987.25,4.32,0.495,3.49,  ,  ,  ,14.8,  ,  ,  ,  ,2.66,  ,"Sst.lt-Gry.F-gr.Sb-ang.W-cmt.W-srt.ltl-Mtrx,Cl,Mic. "
6,670,3987.35,3987.35,  ,  ,  ,  ,  ,  ,  ,  ,  ,  ,  ,  ,  , 
6,671,3987.5,3987.5,2.22,0.495,1.69,1.76,0.495,1.24,17.3,  ,  ,  ,  ,2.64,  ,"A.A.scs-C,Pyr "
6,672,3987.75,3987.75,0.104,0.495,0.062,  ,  ,  ,10.2,  ,  ,  ,  ,2.63,  ,A.A.VF-gr.VW-cmt 
6,673,3988,3988,6.72,0.512,5.58,  ,  ,  ,16.4,  ,  ,  ,  ,2.64,  ,A.A.F-gr.W-cmt 
6,674,3988.25,3988.25,24.4,0.728,20.8,  ,  ,  ,15.9,  ,  ,  ,  ,2.66,  ,A.A.F/M-gr.incr-Cl. 
6,675,3988.33,3988.33,  ,  ,  ,  ,  ,  ,  ,  ,  ,  ,  ,  ,  , 
6,676,3988.45,3988.45,35.8,0.786,30.8,15.2,0.647,12.8,17.9,  ,  ,  ,  ,2.66,  ,"A.A.F-gr.decr-Mtrx,Cl,Mic.w/o-C,Pyr. "
6,677,3988.75,3988.75,8.25,0.561,6.84,  ,  ,  ,10.7,  ,  ,  ,  ,2.71,  ,A.A.VW-cmt.incr-Cl.ltl-Calc. 
6,678,3989,3989,5.57,0.495,4.59,  ,  ,  ,11.6,  ,  ,  ,  ,2.69,  ,"A.-A.decr-Cl,Calc. "
6,679,3989.25,3989.25,7.54,0.54,6.25,  ,  ,  ,11.8,  ,  ,  ,  ,2.69,  ,A.A. 
6,680,3989.5,3989.5,5.08,0.495,4.15,0.92,0.495,0.623,11.5,  ,  ,  ,  ,2.69,  ,"A.A.incr-Cl,Calc. "
6,681,3989.75,3989.75,1.19,0.495,0.82,  ,  ,  ,10.8,  ,  ,  ,  ,2.68,  ,A.A.decr-Calc.incr-Mic. 
6,682,3990,3990,50.5,0.83,44,  ,  ,  ,15.7,  ,  ,  ,  ,2.66,  ,A.A.w/Calc. 
6,683,3990.2,3990.2,11.7,0.607,9.8,  ,  ,  ,11.7,  ,  ,  ,  ,2.69,  ,A.A.ltl-Calc.decr-Mic. 
6,684,3990.55,3990.55,4.1,0.495,3.3,0.193,0.495,0.119,11.4,  ,  ,  ,  ,2.65,  ,"A.A.VF/F-gr.Cl/Mic-lam.scs-C,Calv,Pyr. "
6,685,3990.75,3990.75,1.31,0.495,0.908,  ,  ,  ,9.3,  ,  ,  ,  ,2.68,  ,"A.A.w/o-Lam,C,Pyr.w/Mic.ltl-Cl,Calc. "
6,686,3990.89,3990.89,  ,  ,  ,  ,  ,  ,  ,  ,  ,  ,  ,  ,  , 
7,687,3991.2,3991,0.067,0.495,0.039,  ,  ,  ,3.7,  ,  ,  ,  ,2.73,  ,"A.A.w/o-Mtrx.Pbl.w/Calc.scs-Cl,Mic "
7,688,3991.45,3991.25,0.043,0.495,0.024,  ,  ,  ,2.9,  ,  ,  ,  ,2.74,  ,Sst.lt-gry.VF-gr.Sb-ang.VW-cmt.W-srt.w/Cl/Mic-lam.ltl-Calc. 
7,689,3991.7,3991.5,0.049,0.495,0.028,0.053,0.495,0.03,5,  ,  ,  ,  ,2.69,  ,"A.A.ltl-Cl,Mic.decr-Calc. "
7,690,3991.95,3991.75,1060,0.988,1000,  ,  ,  ,21.6,  ,  ,  ,  ,2.65,  ,"A.A.F/M-gr-Fr-cmt.ltl-Mtrx.decr-Cl,Mic.w/o-Calc. "
7,691,3992.1,3991.9,  ,  ,  ,  ,  ,  ,  ,  ,  ,  ,  ,  ,  , 
7,692,3992.2,3992,2250,0.995,2170,  ,  ,  ,24.2,  ,  ,  ,  ,2.67,  ,A.A.decr-Mtrx. 
7,693,3992.4,3992.2,0.768,0.495,0.514,  ,  ,  ,16.6,  ,  ,  ,  ,2.67,  ,A.A.F-gr.W/Fr-cmt. 
7,694,3992.6,3992.4,1.18,0.495,0.811,0.967,0.495,0.656,17.2,  ,  ,  ,  ,2.66,  ,A.A.incr-Mtrx. 
7,695,3992.95,3992.75,24.1,0.746,20.5,  ,  ,  ,21.1,  ,  ,  ,  ,2.65,  ,A.A. 
7,696,3993.09,3992.89,  ,  ,  ,  ,  ,  ,  ,  ,  ,  ,  ,  ,  , 
7,697,3993.2,3993,1990,0.994,1920,  ,  ,  ,24.2,  ,  ,  ,  ,2.66,  ,A.A.gr.M-gr.Fr-cmt. 
7,698,3993.4,3993.2,957,0.989,908,  ,  ,  ,22.6,  ,  ,  ,  ,2.65,  ,A.A.F/M-gr.W/Fr-gr.decr-Mtrx.scs-Pyr. 
7,699,3993.7,3993.5,0.103,0.495,0.061,0.206,0.495,0.127,8,  ,  ,  ,  ,2.66,  ,Sst.lt-Gry/Gry.VF-gr..VW-cmt.W-srt.w/Cl/Mic-lam.scs-Calc. 
7,700,3993.95,3993.75,0.09,0.495,0.053,  ,  ,  ,6.3,  ,  ,  ,  ,2.73,  ,"A.A.Gry.Sb-ang.scat-F-gr.ltl-Silt,Calc. "
7,701,3994.1,3993.9,  ,  ,  ,  ,  ,  ,  ,  ,  ,  ,  ,  ,  , 
7,702,3994.2,3994,151,0.936,137,  ,  ,  ,20.4,  ,  ,  ,  ,2.66,  ,"A.A.lt-Gry.F-gr.Fr-cmt.w/o-Lam,Silt,Calc.Mtrx.ltl-Cl,Mic. "
7,703,3994.4,3994.2,1.93,0.495,1.37,  ,  ,  ,16.2,  ,  ,  ,  ,2.63,  ,A.A..VF/F-gr.W-cmt.scs-Mtrx. 
7,704,3994.65,3994.45,0.293,0.495,0.185,0.218,0.495,0.135,12,  ,  ,  ,  ,2.64,  ,"A.A.VF-gr.VW-cmt.incr-Cl,Mic. "
7,705,3994.95,3994.75,11.3,0.62,9.43,  ,  ,  ,17,  ,  ,  ,  ,2.64,  ,A.A.VF/F-gr.W-cmt. 
7,706,3995.13,3994.93,  ,  ,  ,  ,  ,  ,  ,  ,  ,  ,  ,  ,  , 
7,707,3995.2,3995,3.15,0.495,2.48,  ,  ,  ,17.8,  ,  ,  ,  ,2.65,  ,A.A.F-gr.W/Fr-cmt 
7,708,3995.45,3995.25,37.7,0.808,32.4,  ,  ,  ,21.2,  ,  ,  ,  ,2.64,  ,A.A. 
7,709,3995.7,3995.5,6.68,0.54,5.49,1.62,0.495,1.14,18.2,  ,  ,  ,  ,2.65,  ,A.A.VW/W-cmt. 
7,710,3995.95,3995.75,4.23,0.495,3.41,  ,  ,  ,17.8,  ,  ,  ,  ,2.65,  ,A.A.VF/F-gr. 
7,711,3996.09,3995.89,  ,  ,  ,  ,  ,  ,  ,  ,  ,  ,  ,  ,  , 
7,712,3996.2,3996,42.1,0.83,36.3,  ,  ,  ,21.1,  ,  ,  ,  ,2.63,  ,A.A.F-gr.W/Fr-cmt 
7,713,3996.4,3996.2,1.64,0.495,1.15,  ,  ,  ,15.8,  ,  ,  ,  ,2.65,  ,A.A.VF/F-gr.VW/W-cmt 
7,714,3996.6,3996.4,1.4,0.495,0.974,0.874,0.495,0.59,15.7,  ,  ,  ,  ,2.64,  ,A.A. 
7,715,3996.95,3996.75,0.647,0.595,0.429,  ,  ,  ,12.9,  ,  ,  ,  ,2.65,  ,A.A.VW-cmt 
7,716,3997.12,3996.92,  ,  ,  ,  ,  ,  ,  ,  ,  ,  ,  ,  ,  , 
7,717,3997.2,3997,0.342,0.495,0.218,  ,  ,  ,10.4,  ,  ,  ,  ,2.65,  ,A.A.VF-gr.Cl/Mic-Lam. 
7,718,3997.4,3997.2,8.48,0.561,7.04,  ,  ,  ,11.4,  ,  ,  ,  ,2.66,  ,"Sst.lt-Gry.VF/F-gr.Sb-ang.VW-cmt.W-srt.Fis.Pbl.w/Cl,Mic. "
7,719,3997.7,3997.5,0.375,0.495,0.24,0.125,0.495,0.075,11.7,  ,  ,  ,  ,2.65,  ,"A.A.w/o-Fis,Pbl.ltl-Mtrx.decr-Cl,Mic. "
7,720,3997.95,3997.75,0.452,0.495,0.293,  ,  ,  ,11.7,  ,  ,  ,  ,2.66,  ,A.A.Pbl. 
7,721,3998.25,3998.05,0.458,0.495,0.297,  ,  ,  ,10.6,  ,  ,  ,  ,2.67,  ,A.A.w/o-Pbl.incr-Mic. 
7,722,3998.45,3998.25,26.8,0.746,22.9,  ,  ,  ,17.5,  ,  ,  ,  ,2.64,  ,A.A.F/M-gr.W-cmt.decr-Mic. 
7,723,3998.65,3998.45,8.14,0.54,6.78,1.19,0.495,0.82,15.4,  ,  ,  ,  ,2.65,  ,A.A.F-gr. 
7,724,3999.05,3998.85,4980,0.998,4850,  ,  ,  ,28.9,  ,  ,  ,  ,2.65,  ,"A.A.M/Crs-gr.Fr-cmt.scs-Cl,Mic. "
7,725,3999.2,3999,3460,0.996,3350,  ,  ,  ,20.7,  ,  ,  ,  ,2.66,  ,A.A.M-gr.W/Fr-cmt. 
7,726,3999.45,3999.25,3600,0.996,3490,  ,  ,  ,20.9,  ,  ,  ,  ,2.64,  ,A.A.scs-C. 
7,727,3999.7,3999.5,180,0.968,163,479,0.975,448,17.3,  ,  ,  ,  ,2.64,  ,A.A.scat-F-gr.W-cmt. 
7,728,3999.95,3999.75,850,0.985,805,  ,  ,  ,18.5,  ,  ,  ,  ,2.64,  ,"A.A.F/M-gr.incr-Cl,Mic.sSst.lt-Gry.VF/A.A.F/M-A.A.F-gr.VW/W-cmt.incr-Mtrx,C402.6 "
